{
  "price": {
    "sellOffer": {
      "ENCHANTED_RAW_CHICKEN": 700,
      "INK_SACK:3": 5.3,
      "BROWN_MUSHROOM": 98.7,
      "ENCHANTED_WATER_LILY": 3231,
      "INK_SACK:4": 5.9,
      "TARANTULA_WEB": 288.5,
      "CARROT_ITEM": 7.8,
      "ENCHANTED_POTATO": 509.6,
      "LOG:1": 17,
      "ENCHANTED_SLIME_BALL": 2595.3,
      "ENCHANTED_GOLDEN_CARROT": 69156.1,
      "LOG:3": 17.4,
      "LOG:2": 5.3,
      "ENCHANTED_RABBIT_HIDE": 10659,
      "ENCHANTED_GLOWSTONE_DUST": 2766.8,
      "ENCHANTED_INK_SACK": 110245,
      "ENCHANTED_CACTUS": 138900.8,
      "ENCHANTED_SUGAR_CANE": 117999.6,
      "ENCHANTED_BIRCH_LOG": 993.6,
      "ENCHANTED_GUNPOWDER": 3363.6,
      "ENCHANTED_MELON": 323.3,
      "ENCHANTED_COOKED_SALMON": 255998.8,
      "ENCHANTED_SUGAR": 743.7,
      "LOG": 9.3,
      "CACTUS": 9,
      "ENCHANTED_BLAZE_ROD": 516408.2,
      "GHAST_TEAR": 199.6,
      "ENCHANTED_CAKE": 39998.8,
      "PUMPKIN": 8.7,
      "ENCHANTED_ENDER_PEARL": 177.6,
      "PURPLE_CANDY": 21998.5,
      "WHEAT": 6.1,
      "ENCHANTED_FERMENTED_SPIDER_EYE": 143999.9,
      "ENCHANTED_GOLD_BLOCK": 112195.5,
      "ENCHANTED_RAW_SALMON": 1597.7,
      "ENCHANTED_JUNGLE_LOG": 2392.8,
      "ENCHANTED_FLINT": 6390.8,
      "ENCHANTED_GLISTERING_MELON": 8496.8,
      "IRON_INGOT": 9.2,
      "PRISMARINE_SHARD": 5.9,
      "ENCHANTED_EMERALD": 1519.2,
      "ENCHANTED_SPIDER_EYE": 1698,
      "ENCHANTED_EMERALD_BLOCK": 158413.6,
      "RED_MUSHROOM": 11,
      "MUTTON": 72.8,
      "ENCHANTED_MELON_BLOCK": 51176.7,
      "ENCHANTED_CLAY_BALL": 480,
      "DIAMOND": 9.2,
      "COBBLESTONE": 9.6,
      "SPIDER_EYE": 10.6,
      "RAW_FISH": 30,
      "ENCHANTED_PUFFERFISH": 2397,
      "GLOWSTONE_DUST": 21.9,
      "GOLD_INGOT": 5.3,
      "REVENANT_VISCERA": 105663.3,
      "TARANTULA_SILK": 254448,
      "POTATO_ITEM": 3.6,
      "ENCHANTED_MUTTON": 6540.7,
      "ENCHANTED_HUGE_MUSHROOM_1": 53775.7,
      "SUPER_COMPACTOR_3000": 531447.5,
      "ENCHANTED_IRON": 1536.7,
      "SUPER_EGG": 620000,
      "STOCK_OF_STONKS": 5479554.2,
      "ENCHANTED_COBBLESTONE": 1096.5,
      "ENCHANTED_BONE": 874.2,
      "ENCHANTED_PAPER": 1258.3,
      "ENCHANTED_HUGE_MUSHROOM_2": 51000,
      "PORK": 28.9,
      "ENCHANTED_DIAMOND_BLOCK": 204839.5,
      "EMERALD": 11.2,
      "ENCHANTED_RABBIT_FOOT": 1055.2,
      "PRISMARINE_CRYSTALS": 13,
      "HOT_POTATO_BOOK": 87099.6,
      "ENCHANTED_ICE": 988,
      "ICE": 7.2,
      "CLAY_BALL": 5.4,
      "HUGE_MUSHROOM_1": 297.9,
      "HUGE_MUSHROOM_2": 86.6,
      "LOG_2:1": 13.8,
      "GREEN_GIFT": 6823,
      "ENCHANTED_SNOW_BLOCK": 599.5,
      "GOLDEN_TOOTH": 79999.1,
      "STRING": 18.5,
      "PACKED_ICE": 60,
      "WATER_LILY": 18.8,
      "RABBIT_FOOT": 5.6,
      "LOG_2": 10.8,
      "REDSTONE": 1.3,
      "ENCHANTED_OBSIDIAN": 3759.2,
      "ENCHANTED_COAL": 1113.5,
      "COAL": 7.3,
      "ENCHANTED_QUARTZ": 5010.5,
      "ENDER_PEARL": 6.2,
      "ENCHANTED_COAL_BLOCK": 59686.7,
      "ENCHANTED_CACTUS_GREEN": 914.1,
      "ENCHANTED_PRISMARINE_CRYSTALS": 390.8,
      "ENCHANTED_ENDSTONE": 379.4,
      "ENCHANTED_LAPIS_LAZULI_BLOCK": 82891,
      "ENCHANTED_COOKIE": 79739.2,
      "ENCHANTED_STRING": 3025.2,
      "SLIME_BALL": 45.2,
      "ENDER_STONE": 5.5,
      "ENCHANTED_RAW_FISH": 1490.8,
      "ENCHANTED_ACACIA_LOG": 1862.6,
      "SNOW_BALL": 0,
      "ENCHANTED_EGG": 4394.8,
      "QUARTZ": 47.9,
      "RAW_BEEF": 4.8,
      "ENCHANTED_EYE_OF_ENDER": 8941.1,
      "SAND": 17.9,
      "RAW_CHICKEN": 5.9,
      "MAGMA_CREAM": 8.9,
      "SUGAR_CANE": 4.4,
      "ENCHANTED_LAPIS_LAZULI": 969.5,
      "ENCHANTED_GHAST_TEAR": 459.9,
      "ENCHANTED_COCOA": 596,
      "RED_GIFT": 52116.3,
      "ENCHANTED_RAW_BEEF": 628.4,
      "SEEDS": 3.6,
      "ENCHANTED_LEATHER": 8794.3,
      "ENCHANTED_SPONGE": 2012.2,
      "ENCHANTED_FEATHER": 475,
      "ENCHANTED_SLIME_BLOCK": 127998.2,
      "ENCHANTED_OAK_LOG": 1369.4,
      "RABBIT_HIDE": 17.4,
      "WHITE_GIFT": 2722.6,
      "INK_SACK": 1282.2,
      "FLINT": 40.7,
      "ENCHANTED_SPRUCE_LOG": 2436.7,
      "WOLF_TOOTH": 363.3,
      "ENCHANTED_ROTTEN_FLESH": 763.2,
      "ENCHANTED_GRILLED_PORK": 157110.1,
      "SULPHUR": 22.8,
      "NETHER_STALK": 5,
      "RABBIT": 17.1,
      "ENCHANTED_NETHER_STALK": 667,
      "ENCHANTED_REDSTONE_BLOCK": 30107.6,
      "ENCHANTED_QUARTZ_BLOCK": 736936.9,
      "ENCHANTED_CARROT": 512.7,
      "ENCHANTED_PUMPKIN": 1739.9,
      "GREEN_CANDY": 2030.4,
      "ENCHANTED_REDSTONE": 235,
      "ROTTEN_FLESH": 6.6,
      "ENCHANTED_COOKED_FISH": 167535,
      "OBSIDIAN": 29.9,
      "ENCHANTED_MAGMA_CREAM": 1526.8,
      "GRAVEL": 2.4,
      "MELON": 2.5,
      "ENCHANTED_PACKED_ICE": 157299.5,
      "RAW_FISH:3": 14.3,
      "ENCHANTED_PRISMARINE_SHARD": 408.6,
      "ENCHANTED_IRON_BLOCK": 239646.2,
      "LEATHER": 55.1,
      "ENCHANTED_COOKED_MUTTON": 131177.2,
      "BONE": 4.5,
      "RAW_FISH:1": 13.4,
      "REVENANT_FLESH": 2.2,
      "ENCHANTED_PORK": 3274.4,
      "ENCHANTED_GLOWSTONE": 62479.9,
      "ENCHANTED_RABBIT": 642.9,
      "ENCHANTED_BREAD": 192.6,
      "FEATHER": 1.5,
      "ENCHANTED_CHARCOAL": 1578.8,
      "ENCHANTED_BLAZE_POWDER": 9389.9,
      "NETHERRACK": 0.9,
      "SUMMONING_EYE": 743799,
      "SPONGE": 179.1,
      "BLAZE_ROD": 64,
      "ENCHANTED_DARK_OAK_LOG": 1999.9,
      "SNOW_BLOCK": 5.9,
      "ENCHANTED_BAKED_POTATO": 82590.9,
      "COMPACTOR": 10997.9,
      "ENCHANTED_DIAMOND": 1348.2,
      "ENCHANTED_GOLD": 816,
      "WISE_FRAGMENT": 29115.3,
      "PROTECTOR_FRAGMENT": 4504.5,
      "STRONG_FRAGMENT": 13590.3,
      "YOUNG_FRAGMENT": 4381.9,
      "UNSTABLE_FRAGMENT": 4406,
      "SUPERIOR_FRAGMENT": 118979.6,
      "OLD_FRAGMENT": 4513.3,
      "ENCHANTED_FIREWORK_ROCKET": 304890.9,
      "ENCHANTED_LAVA_BUCKET": 136081.2,
      "CATALYST": 136660.8,
      "ENCHANTED_REDSTONE_LAMP": 670000,
      "ENCHANTED_HAY_BLOCK": 7899.9,
      "HAY_BLOCK": 57.4,
      "ENCHANTED_SEEDS": 488.9,
      "ENCHANTED_SAND": 2059.8,
      "ENCHANTED_RED_MUSHROOM": 1599.2,
      "ENCHANTED_BROWN_MUSHROOM": 1599.1,
      "ENCHANTED_WET_SPONGE": 82859.7,
      "HAMSTER_WHEEL": 34859.7,
      "FOUL_FLESH": 26512.7,
      "RECOMBOBULATOR_3000": 7405992.7,
      "HOLY_FRAGMENT": 5290.3,
      "FUMING_POTATO_BOOK": 1151739.1,
      "CARROT_BAIT": 72.8,
      "MINNOW_BAIT": 277.2,
      "FISH_BAIT": 125.3,
      "LIGHT_BAIT": 98.1,
      "DARK_BAIT": 1555.4,
      "SPOOKY_BAIT": 89.4,
      "SPIKED_BAIT": 239.1,
      "BLESSED_BAIT": 1997.1,
      "ICE_BAIT": 1.2,
      "WHALE_BAIT": 2653.5,
      "ENCHANTED_CLOWNFISH": 3170.7,
      "RAW_FISH:2": 18,
      "ENCHANTED_BONE_BLOCK": 136734,
      "BOOSTER_COOKIE": 7330060.7,
      "TIGER_SHARK_TOOTH": 126878,
      "BLUE_SHARK_TOOTH": 290263.2,
      "NURSE_SHARK_TOOTH": 17229.3,
      "GREAT_WHITE_SHARK_TOOTH": 2424996.8,
      "SHARK_FIN": 3083.9,
      "ENCHANTED_SHARK_FIN": 565361.5,
      "GRIFFIN_FEATHER": 134360.2,
      "DAEDALUS_STICK": 15999998,
      "ANCIENT_CLAW": 196,
      "ENCHANTED_ANCIENT_CLAW": 4896.7,
      "REFINED_MINERAL": 11496.5,
      "SHARK_BAIT": 237.1,
      "HYPERGOLIC_GABAGOOL": 23999995.2,
      "HYPER_CATALYST": 193999.8,
      "ECTOPLASM": 118998,
      "PUMPKIN_GUTS": 149999.6,
      "SPOOKY_SHARD": 49746.7,
      "WEREWOLF_SKIN": 37320.1,
      "SOUL_FRAGMENT": 1727097.9,
      "JACOBS_TICKET": 23479.7,
      "EXP_BOTTLE": 39.8,
      "GRAND_EXP_BOTTLE": 5959.5,
      "TITANIC_EXP_BOTTLE": 500808.4,
      "COLOSSAL_EXP_BOTTLE": 1935432.4,
      "POLISHED_PUMPKIN": 259098.6,
      "TIGHTLY_TIED_HAY_BALE": 1118475.3,
      "MUTANT_NETHER_STALK": 102489.2,
      "REFINED_MITHRIL": 393275.4,
      "TITANIUM_ORE": 233,
      "MITHRIL_ORE": 7.1,
      "STARFALL": 2119,
      "REFINED_TITANIUM": 879350.4,
      "REFINED_DIAMOND": 549997.1,
      "JERRY_BOX_GOLDEN": 1439993.1,
      "JERRY_BOX_PURPLE": 618744.3,
      "JERRY_BOX_BLUE": 201967.2,
      "JERRY_BOX_GREEN": 132999,
      "ENCHANTED_MITHRIL": 1305.6,
      "ENCHANTED_TITANIUM": 37308.8,
      "MAGMA_BUCKET": 3999999.6,
      "PLASMA_BUCKET": 11391019.6,
      "DWARVEN_COMPACTOR": 652848.5,
      "POWER_CRYSTAL": 695422.8,
      "TREASURITE": 6050.7,
      "ENCHANTED_NETHERRACK": 339.6,
      "NULL_SPHERE": 4.8,
      "NULL_OVOID": 131724.2,
      "NULL_ATOM": 34863,
      "RAW_SOULFLOW": 294.8,
      "SOULFLOW": 48049.3,
      "ABSOLUTE_ENDER_PEARL": 13930.6,
      "ROUGH_JADE_GEM": 2.4,
      "FLAWED_JADE_GEM": 253.5,
      "FINE_JADE_GEM": 19798.3,
      "FLAWLESS_JADE_GEM": 1619639.2,
      "PERFECT_JADE_GEM": 10866076.5,
      "ROUGH_AMBER_GEM": 2.6,
      "FLAWED_AMBER_GEM": 263.9,
      "FINE_AMBER_GEM": 20138.9,
      "FLAWLESS_AMBER_GEM": 1849999.9,
      "PERFECT_AMBER_GEM": 11047000.3,
      "ROUGH_TOPAZ_GEM": 2.7,
      "FLAWED_TOPAZ_GEM": 280,
      "FINE_TOPAZ_GEM": 20627.8,
      "FLAWLESS_TOPAZ_GEM": 1639999.2,
      "PERFECT_TOPAZ_GEM": 10599997.7,
      "ROUGH_SAPPHIRE_GEM": 6,
      "FLAWED_SAPPHIRE_GEM": 251.7,
      "FINE_SAPPHIRE_GEM": 19799.1,
      "FLAWLESS_SAPPHIRE_GEM": 1619996.2,
      "PERFECT_SAPPHIRE_GEM": 11882722.4,
      "ROUGH_AMETHYST_GEM": 18,
      "FLAWED_AMETHYST_GEM": 289.3,
      "FINE_AMETHYST_GEM": 22091.9,
      "FLAWLESS_AMETHYST_GEM": 1811923.8,
      "PERFECT_AMETHYST_GEM": 13989981.8,
      "ROUGH_JASPER_GEM": 15.9,
      "FLAWED_JASPER_GEM": 1217.3,
      "FINE_JASPER_GEM": 94992.4,
      "FLAWLESS_JASPER_GEM": 7701274.9,
      "PERFECT_JASPER_GEM": 45411873.9,
      "ROUGH_RUBY_GEM": 2.8,
      "FLAWED_RUBY_GEM": 283.8,
      "FINE_RUBY_GEM": 19430.3,
      "FLAWLESS_RUBY_GEM": 1603999.1,
      "PERFECT_RUBY_GEM": 10999889.5,
      "ROUGH_OPAL_GEM": 755,
      "FLAWED_OPAL_GEM": 268.7,
      "FINE_OPAL_GEM": 22148.8,
      "FLAWLESS_OPAL_GEM": 2111309.3,
      "PERFECT_OPAL_GEM": 10669003.5,
      "HARD_STONE": 5.5,
      "ENCHANTED_HARD_STONE": 3816,
      "CONCENTRATED_STONE": 2199998.7,
      "YOGGIE": 367.9,
      "SLUDGE_JUICE": 3171.1,
      "WORM_MEMBRANE": 53322.1,
      "GOBLIN_EGG_GREEN": 38171.5,
      "GOBLIN_EGG_BLUE": 2333711.7,
      "GOBLIN_EGG_RED": 60998.1,
      "GOBLIN_EGG_YELLOW": 251617.4,
      "GOBLIN_EGG": 36096.2,
      "ARACHNE_KEEPER_FRAGMENT": 9399.8,
      "SOUL_STRING": 4999.7,
      "CHEESE_FUEL": 9217.2,
      "MYCEL": 207.3,
      "ENCHANTED_MYCELIUM": 16425.4,
      "ENCHANTED_MYCELIUM_CUBE": 162099.8,
      "SULPHUR_ORE": 10.1,
      "ENCHANTED_SULPHUR": 1609.9,
      "ENCHANTED_SULPHUR_CUBE": 254928.7,
      "SAND:1": 109.1,
      "ENCHANTED_RED_SAND": 12850.8,
      "ENCHANTED_RED_SAND_CUBE": 421352.6,
      "CORRUPTED_BAIT": 188.1,
      "HORNS_OF_TORMENT": 1669240,
      "DARK_ORB": 336958.9,
      "ROCK_GEMSTONE": 1044256.4,
      "END_STONE_SHULKER": 2752.9,
      "ENDER_MONOCLE": 7273.7,
      "HAZMAT_ENDERMAN": 29731.9,
      "LUXURIOUS_SPOOL": 0,
      "KUUDRA_MANDIBLE": 1489335.3,
      "BLAZE_ROD_DISTILLATE": 6660.4,
      "ACACIA_BIRDHOUSE": 783179.9,
      "DERELICT_ASHE": 18.8,
      "MAGMA_FISH_GOLD": 2650855.8,
      "MELON_BLOCK": 41.5,
      "AMBER_MATERIAL": 6000000,
      "CRUDE_GABAGOOL_DISTILLATE": 171895,
      "METEOR_SHARD": 1966993,
      "DIAMOND_ATOM": 17281.1,
      "PRECURSOR_GEAR": 555768.8,
      "NECROMANCER_BROOCH": 53700.2,
      "DEEP_SEA_ORB": 6399998.9,
      "PETRIFIED_STARFALL": 799999.9,
      "RED_SCARF": 588556.1,
      "SADAN_BROOCH": 167992.3,
      "ONYX": 187.2,
      "OMEGA_EGG": 999997.1,
      "MAGMA_CREAM_DISTILLATE": 7944.1,
      "FURBALL": 40991.2,
      "GIANT_TOOTH": 285518.8,
      "ENDSTONE_GEODE": 4721.5,
      "OPTICAL_LENS": 1948.5,
      "HOT_BAIT": 421,
      "BEATING_HEART": 9919.6,
      "AMALGAMATED_CRIMSONITE_NEW": 1518539.2,
      "SALMON_OPAL": 1619.1,
      "AOTE_STONE": 3939998.7,
      "GOLDEN_BALL": 1849973.6,
      "MAGMA_FISH": 400.8,
      "GLOWSTONE_DUST_DISTILLATE": 6247.3,
      "MANDRAA": 3357948.8,
      "MOLTEN_CUBE": 39999.2,
      "BULKY_STONE": 3885086.7,
      "INFERNO_VERTEX": 48999999.5,
      "REFINED_AMBER": 19999998.2,
      "JADERALD": 6624950.5,
      "NETHER_STALK_DISTILLATE": 11281.1,
      "RARE_DIAMOND": 0,
      "CRUDE_GABAGOOL": 1372.8,
      "DRAGON_SCALE": 3604.8,
      "DRAGON_HORN": 2712212.9,
      "HARDENED_WOOD": 77664.1,
      "HEAVY_GABAGOOL": 998990,
      "INFERNO_APEX": 0,
      "ECCENTRIC_PAINTING": 32800000,
      "REAPER_PEPPER": 114999999.6,
      "DIAMONITE": 2000000,
      "SPIRIT_DECOY": 924903.6,
      "OBSIDIAN_TABLET": 1722662.9,
      "VITAMIN_DEATH": 141738.4,
      "CANDY_CORN": 1998.9,
      "MIDAS_JEWEL": 13994.6,
      "PREMIUM_FLESH": 0,
      "PURE_MITHRIL": 9999999.6,
      "JERRY_STONE": 31457.1,
      "MOLTEN_POWDER": 748998,
      "ROCK_CANDY": 163751.9,
      "MAGMA_URCHIN": 3503863.1,
      "SEARING_STONE": 940709.5,
      "BLESSED_FRUIT": 1073412,
      "HOT_STUFF": 180000,
      "SUSPICIOUS_VIAL": 41696.7,
      "RED_NOSE": 889.5,
      "MAGMA_FISH_SILVER": 32260,
      "DRAGON_CLAW": 22571.9,
      "LUCKY_DICE": 1399998.1,
      "FUEL_GABAGOOL": 37831.2,
      "PRECIOUS_PEARL": 1826056.7,
      "SCORCHED_BOOKS": 3149999.6,
      "MAGMA_FISH_DIAMOND": 39855161.3,
      "WITHER_BLOOD": 1973968,
      "BLAZE_WAX": 1499998.9,
      "LAPIS_CRYSTAL": 0,
      "SHINY_PRISM": 299996.7,
      "CHILI_PEPPER": 68996.8,
      "ENTROPY_SUPPRESSOR": 55099997.6,
      "ENCHANTMENT_ULTIMATE_NO_PAIN_NO_GAIN_2": 0,
      "ENCHANTMENT_ULTIMATE_NO_PAIN_NO_GAIN_1": 0,
      "ENCHANTMENT_PROTECTION_7": 43753436.1,
      "ENCHANTMENT_PROTECTION_6": 4048385.5,
      "ESSENCE_DRAGON": 2242.8,
      "ENCHANTMENT_TURBO_COCO_1": 215297.5,
      "ENCHANTMENT_TURBO_COCO_5": 3626939.9,
      "ENCHANTMENT_TURBO_COCO_4": 2999999.3,
      "ENCHANTMENT_TURBO_COCO_3": 1828521.8,
      "ENCHANTMENT_TURBO_COCO_2": 591523.7,
      "ENCHANTMENT_CORRUPTION_5": 288995.7,
      "ENCHANTMENT_CORRUPTION_4": 140000,
      "ENCHANTMENT_CORRUPTION_3": 80000,
      "ENCHANTMENT_CORRUPTION_2": 59999.3,
      "ENCHANTMENT_CORRUPTION_1": 0,
      "ENCHANTMENT_CAYENNE_5": 27999999.9,
      "ENCHANTMENT_CAYENNE_4": 19999999.7,
      "ENCHANTMENT_TURBO_CACTUS_5": 4680001.5,
      "ENCHANTMENT_TURBO_CACTUS_4": 3597219.4,
      "ENCHANTMENT_TURBO_CACTUS_3": 1720246.4,
      "ENCHANTMENT_TURBO_CACTUS_2": 749999.2,
      "ENCHANTMENT_TURBO_CACTUS_1": 238730.8,
      "ENCHANTMENT_FIRE_ASPECT_3": 2999998.7,
      "ENCHANTMENT_ENDER_SLAYER_7": 85099419.8,
      "ENCHANTMENT_ENDER_SLAYER_6": 1649996.4,
      "ENCHANTMENT_BIG_BRAIN_4": 0,
      "ENCHANTMENT_BIG_BRAIN_5": 100000000,
      "ENCHANTMENT_BIG_BRAIN_3": 24000000,
      "ENCHANTMENT_THUNDERLORD_7": 10310310.2,
      "ENCHANTMENT_THUNDERLORD_6": 0,
      "ENCHANTMENT_TURBO_MELON_5": 4135853.8,
      "ENCHANTMENT_SHARPNESS_7": 83768877.6,
      "ENCHANTMENT_SHARPNESS_6": 2513885,
      "ENCHANTMENT_MANA_STEAL_1": 24995.6,
      "ENCHANTMENT_MANA_STEAL_2": 189310.3,
      "ENCHANTMENT_MANA_STEAL_3": 221332.6,
      "ENCHANTMENT_STRONG_MANA_7": 7999999.9,
      "ENCHANTMENT_TURBO_MELON_3": 1399999,
      "ENCHANTMENT_STRONG_MANA_6": 3499998.8,
      "ENCHANTMENT_TURBO_MELON_4": 2881775.4,
      "ENCHANTMENT_STRONG_MANA_5": 2256584.3,
      "ENCHANTMENT_TURBO_MELON_1": 203886.2,
      "ENCHANTMENT_STRONG_MANA_4": 199999999.5,
      "ENCHANTMENT_TURBO_MELON_2": 749997.2,
      "ENCHANTMENT_STRONG_MANA_3": 257993.2,
      "ENCHANTMENT_STRONG_MANA_2": 120255.1,
      "ENCHANTMENT_STRONG_MANA_1": 94277.6,
      "ENCHANTMENT_HARDENED_MANA_1": 63238.2,
      "ENCHANTMENT_HARDENED_MANA_3": 87646.3,
      "ENCHANTMENT_HARDENED_MANA_2": 62880.5,
      "ENCHANTMENT_ULTIMATE_COMBO_1": 2330.3,
      "ENCHANTMENT_ULTIMATE_COMBO_2": 6477.8,
      "ENCHANTMENT_ULTIMATE_COMBO_5": 98866.8,
      "ENCHANTMENT_ULTIMATE_COMBO_3": 36018.1,
      "ENCHANTMENT_ULTIMATE_COMBO_4": 180397.6,
      "ENCHANTMENT_STRONG_MANA_9": 499999999.5,
      "ENCHANTMENT_STRONG_MANA_8": 17999999.9,
      "ENCHANTMENT_TURBO_WARTS_1": 199.6,
      "ENCHANTMENT_TURBO_WARTS_2": 9554.6,
      "ENCHANTMENT_TURBO_WARTS_3": 16199997.1,
      "ENCHANTMENT_TURBO_WARTS_4": 3249999.4,
      "ENCHANTMENT_TURBO_WARTS_5": 69998.5,
      "ENCHANTMENT_HARDENED_MANA_5": 450293,
      "ENCHANTMENT_HARDENED_MANA_4": 185656.1,
      "ENCHANTMENT_HARDENED_MANA_7": 2699996.1,
      "ENCHANTMENT_HARDENED_MANA_6": 1445391.4,
      "ENCHANTMENT_ULTIMATE_NO_PAIN_NO_GAIN_4": 47999.9,
      "ENCHANTMENT_HARDENED_MANA_9": 10999999.7,
      "ENCHANTMENT_ULTIMATE_NO_PAIN_NO_GAIN_3": 5000,
      "ENCHANTMENT_HARDENED_MANA_8": 5999998,
      "ENCHANTMENT_ULTIMATE_NO_PAIN_NO_GAIN_5": 39999.7,
      "SIL_EX": 20999993.6,
      "ENCHANTMENT_EXPERIENCE_4": 454997.5,
      "ESSENCE_SPIDER": 3154.5,
      "IMPLOSION_SCROLL": 389999999,
      "ENCHANTMENT_MANA_VAMPIRE_10": 99999998.7,
      "ENCHANTMENT_DELICATE_5": 1699994.5,
      "ENCHANTMENT_PROSECUTE_6": 67871496.4,
      "ENCHANTMENT_CASTER_6": 145299.1,
      "ENCHANTMENT_RESPITE_5": 1199695.8,
      "ENCHANTMENT_RESPITE_3": 677605.7,
      "ENCHANTMENT_RESPITE_4": 2940088.1,
      "ENCHANTMENT_RESPITE_1": 299999.8,
      "ENCHANTMENT_RESPITE_2": 164962.9,
      "ENCHANTMENT_OVERLOAD_5": 14999996.8,
      "ENCHANTMENT_OVERLOAD_4": 9999975.1,
      "ENCHANTMENT_OVERLOAD_3": 4644006.6,
      "ENCHANTMENT_OVERLOAD_2": 2549988.4,
      "ENCHANTMENT_OVERLOAD_1": 830000,
      "SECOND_MASTER_STAR": 23049657.4,
      "ENCHANTMENT_FIRE_PROTECTION_6": 826792.2,
      "ENCHANTMENT_FIRE_PROTECTION_7": 5500100,
      "ENCHANTMENT_HARDENED_MANA_10": 19499998.2,
      "ENCHANTMENT_ULTIMATE_JERRY_1": 1498.7,
      "ENCHANTMENT_ULTIMATE_JERRY_2": 359.1,
      "ENCHANTMENT_ULTIMATE_JERRY_3": 2999.5,
      "ENCHANTMENT_ULTIMATE_JERRY_4": 49999.8,
      "ENCHANTMENT_ULTIMATE_JERRY_5": 74999.4,
      "ENCHANTMENT_ULTIMATE_REND_1": 682498.7,
      "ENCHANTMENT_ULTIMATE_REND_2": 795132.1,
      "ENCHANTMENT_ULTIMATE_REND_3": 3699999.6,
      "ENCHANTMENT_ULTIMATE_REND_4": 13822966.9,
      "ENCHANTMENT_ULTIMATE_REND_5": 11750000,
      "ENCHANTMENT_HARVESTING_6": 1999999.1,
      "FOURTH_MASTER_STAR": 61485567.9,
      "ENCHANTMENT_ULTIMATE_WISE_1": 165132.4,
      "ENCHANTMENT_ULTIMATE_WISE_2": 325046.8,
      "ENCHANTMENT_ULTIMATE_WISE_3": 866740.3,
      "ENCHANTMENT_ULTIMATE_WISE_4": 1715769.8,
      "ENCHANTMENT_ULTIMATE_WISE_5": 3000872.7,
      "ENCHANTMENT_TRUE_PROTECTION_1": 1165500.6,
      "ENCHANTMENT_LUCK_OF_THE_SEA_6": 119046.8,
      "ENCHANTMENT_SMARTY_PANTS_3": 4199999.7,
      "ENCHANTMENT_SMARTY_PANTS_2": 1999999.1,
      "ENCHANTMENT_SMARTY_PANTS_5": 10188998.5,
      "ENCHANTMENT_SMARTY_PANTS_4": 5499998.6,
      "ENCHANTMENT_SMARTY_PANTS_1": 551581.6,
      "THE_ART_OF_WAR": 7128298.1,
      "ENCHANTMENT_LURE_6": 8499.9,
      "ENCHANTMENT_FEROCIOUS_MANA_8": 19999999.9,
      "ENCHANTMENT_FEROCIOUS_MANA_9": 59999999.5,
      "ENCHANTMENT_FEROCIOUS_MANA_4": 982354.3,
      "ENCHANTMENT_FEROCIOUS_MANA_5": 1794876.2,
      "ENCHANTMENT_FEROCIOUS_MANA_6": 5412679,
      "ENCHANTMENT_FEROCIOUS_MANA_7": 11400000,
      "ENCHANTMENT_MAGNET_6": 0,
      "ENCHANTMENT_FEROCIOUS_MANA_1": 165562.4,
      "ENCHANTMENT_FEROCIOUS_MANA_2": 199998.5,
      "ENCHANTMENT_FEROCIOUS_MANA_3": 495652.4,
      "ENCHANTMENT_PROJECTILE_PROTECTION_7": 1299999.9,
      "ENCHANTMENT_PROJECTILE_PROTECTION_6": 15488.7,
      "ENCHANTMENT_DRAGON_HUNTER_4": 24999999,
      "ENCHANTMENT_DRAGON_HUNTER_3": 6999996.6,
      "ENCHANTMENT_DRAGON_HUNTER_5": 16428667.7,
      "ENCHANTMENT_DRAGON_HUNTER_2": 2499998.7,
      "ENCHANTMENT_DRAGON_HUNTER_1": 1199994.1,
      "ESSENCE_WITHER": 2979.3,
      "ENCHANTMENT_CHARM_2": 1081399.4,
      "ENCHANTMENT_CHARM_3": 1760701.9,
      "ENCHANTMENT_CHARM_1": 276900.7,
      "ENCHANTMENT_CHARM_4": 4944695.2,
      "ENCHANTMENT_CHARM_5": 8199990.7,
      "ENCHANTMENT_REPLENISH_1": 1248350.3,
      "ENCHANTMENT_ULTIMATE_SWARM_5": 6937604.4,
      "ENCHANTMENT_TURBO_WHEAT_3": 271329.6,
      "ENCHANTMENT_TURBO_WHEAT_4": 399999.5,
      "ENCHANTMENT_TURBO_WHEAT_1": 22822.9,
      "ENCHANTMENT_TURBO_WHEAT_2": 81666,
      "ENCHANTMENT_ULTIMATE_SWARM_3": 2289949.4,
      "ENCHANTMENT_ULTIMATE_SWARM_4": 4951646.7,
      "ENCHANTMENT_ULTIMATE_SWARM_1": 446027.6,
      "ENCHANTMENT_TURBO_WHEAT_5": 689492.3,
      "ENCHANTMENT_ULTIMATE_SWARM_2": 1179827.9,
      "ENCHANTMENT_SUGAR_RUSH_3": 2449978.7,
      "ENCHANTMENT_SUGAR_RUSH_2": 4125999.7,
      "ENCHANTMENT_SUGAR_RUSH_1": 598995.6,
      "ENCHANTMENT_GROWTH_6": 8203893,
      "ENCHANTMENT_GROWTH_7": 167433923.4,
      "ESSENCE_UNDEAD": 658.2,
      "ENCHANTMENT_ULTIMATE_CHIMERA_1": 93939392.8,
      "ENCHANTMENT_ULTIMATE_LAST_STAND_5": 3768501.2,
      "ENCHANTMENT_ULTIMATE_LAST_STAND_4": 2127247.2,
      "ENCHANTMENT_ULTIMATE_CHIMERA_5": 1503030284.8,
      "ENCHANTMENT_ULTIMATE_LAST_STAND_3": 982208,
      "ENCHANTMENT_ULTIMATE_CHIMERA_4": 751515142.4,
      "ENCHANTMENT_ULTIMATE_LAST_STAND_2": 379391.9,
      "ENCHANTMENT_ULTIMATE_CHIMERA_3": 400000000,
      "ENCHANTMENT_ULTIMATE_LAST_STAND_1": 208376.8,
      "ENCHANTMENT_ULTIMATE_CHIMERA_2": 235000000,
      "ENCHANTMENT_FEATHER_FALLING_10": 90199.1,
      "ENCHANTMENT_SMOLDERING_5": 88999998.3,
      "ENCHANTMENT_SMOLDERING_3": 22000000,
      "ENCHANTMENT_SMOLDERING_4": 49999999.5,
      "ENCHANTMENT_SMOLDERING_1": 4444438,
      "FIRST_MASTER_STAR": 12718040.7,
      "ENCHANTMENT_SMOLDERING_2": 69999998.7,
      "BOOK_OF_STATS": 889998.8,
      "ENCHANTMENT_CRITICAL_6": 1084,
      "ENCHANTMENT_CRITICAL_7": 73979998.5,
      "FARMING_FOR_DUMMIES": 955509.1,
      "SHADOW_WARP_SCROLL": 386397436.3,
      "ENCHANTMENT_ULTIMATE_HABANERO_TACTICS_4": 0,
      "ENCHANTMENT_THUNDERBOLT_6": 2453422.6,
      "ENCHANTMENT_BLAST_PROTECTION_7": 3508860.5,
      "ENCHANTMENT_ULTIMATE_HABANERO_TACTICS_5": 0,
      "ENCHANTMENT_ULTIMATE_REITERATE_1": 10106429.4,
      "ENCHANTMENT_ULTIMATE_REITERATE_4": 129999998,
      "ENCHANTMENT_ULTIMATE_REITERATE_5": 189999999.2,
      "ENCHANTMENT_ULTIMATE_REITERATE_2": 27909998.6,
      "ENCHANTMENT_ULTIMATE_REITERATE_3": 52999988.6,
      "ENCHANTMENT_VENOMOUS_6": 0,
      "ENCHANTMENT_STRONG_MANA_10": 180000000,
      "ENCHANTMENT_FEATHER_FALLING_7": 8975.6,
      "WITHER_SHIELD_SCROLL": 386343300.2,
      "ENCHANTMENT_FEATHER_FALLING_6": 125.8,
      "ENCHANTMENT_FEATHER_FALLING_9": 53970.2,
      "ENCHANTMENT_FEATHER_FALLING_8": 24639.6,
      "ESSENCE_ICE": 2569.9,
      "ENCHANTMENT_COMPACT_1": 4231498.3,
      "ESSENCE_GOLD": 971.7,
      "ENCHANTMENT_PRISTINE_1": 999987.8,
      "ENCHANTMENT_PRISTINE_2": 1999998.3,
      "ENCHANTMENT_BLAST_PROTECTION_6": 14375.8,
      "ENCHANTMENT_PRISTINE_5": 15999997.9,
      "ENCHANTMENT_PRISTINE_3": 3999994.2,
      "ENCHANTMENT_PRISTINE_4": 10000000,
      "ENCHANTMENT_FEROCIOUS_MANA_10": 72900073.8,
      "ENCHANTMENT_LIFE_STEAL_5": 16999997.4,
      "ENCHANTMENT_LIFE_STEAL_4": 316041.8,
      "ENCHANTMENT_TURBO_MUSHROOMS_5": 100000,
      "FIFTH_MASTER_STAR": 93650262.6,
      "ENCHANTMENT_TABASCO_3": 15901155.6,
      "ENCHANTMENT_TABASCO_2": 0,
      "TRANSMISSION_TUNER": 69037.6,
      "ENCHANTMENT_TURBO_MUSHROOMS_2": 37203.6,
      "ENCHANTMENT_TURBO_MUSHROOMS_1": 1611.5,
      "ENCHANTMENT_TURBO_MUSHROOMS_4": 91041.9,
      "ENCHANTMENT_TURBO_MUSHROOMS_3": 2997997.3,
      "ENCHANTMENT_MANA_VAMPIRE_2": 294790.9,
      "ENCHANTMENT_MANA_VAMPIRE_1": 156828.9,
      "ENCHANTMENT_MANA_VAMPIRE_4": 1319710.8,
      "ENCHANTMENT_MANA_VAMPIRE_3": 616155.9,
      "ENCHANTMENT_MANA_VAMPIRE_6": 6969694.9,
      "ENCHANTMENT_MANA_VAMPIRE_5": 2146315.4,
      "ENCHANTMENT_MANA_VAMPIRE_8": 32000000,
      "ENCHANTMENT_MANA_VAMPIRE_7": 14499998,
      "ENCHANTMENT_MANA_VAMPIRE_9": 39999999.8,
      "ENCHANTMENT_TITAN_KILLER_7": 7026164.6,
      "ENCHANTMENT_TITAN_KILLER_6": 99999,
      "ENCHANTMENT_POWER_7": 197999993,
      "ENCHANTMENT_POWER_6": 603927.5,
      "ENCHANTMENT_ANGLER_6": 10823.6,
      "ENCHANTMENT_VAMPIRISM_6": 849521.9,
      "ESSENCE_CRIMSON": 1496.1,
      "ENCHANTMENT_CULTIVATING_1": 4434220.3,
      "ENCHANTMENT_ULTIMATE_SOUL_EATER_1": 1135156.7,
      "ENCHANTMENT_ULTIMATE_SOUL_EATER_3": 5229998.2,
      "ENCHANTMENT_ULTIMATE_SOUL_EATER_2": 2627994,
      "ENCHANTMENT_ULTIMATE_SOUL_EATER_5": 18721499.3,
      "ENCHANTMENT_ULTIMATE_SOUL_EATER_4": 10175633.2,
      "ENCHANTMENT_CHANCE_5": 18144386.7,
      "ENCHANTMENT_CHANCE_4": 41297.4,
      "ENCHANTMENT_ULTIMATE_FLASH_2": 18000000,
      "ENCHANTMENT_ULTIMATE_FLASH_1": 6999997.6,
      "ENCHANTMENT_ULTIMATE_FLASH_4": 85000000,
      "ENCHANTMENT_ULTIMATE_FLASH_3": 36004999,
      "ENCHANTMENT_FIRST_STRIKE_5": 184585173.6,
      "ENCHANTMENT_ULTIMATE_FLASH_5": 194999996.5,
      "ENCHANTMENT_TURBO_PUMPKIN_1": 111303.6,
      "ENCHANTMENT_TURBO_PUMPKIN_2": 453998.6,
      "ENCHANTMENT_TURBO_PUMPKIN_3": 954924.5,
      "ENCHANTMENT_TURBO_PUMPKIN_4": 2770151.7,
      "ENCHANTMENT_TURBO_PUMPKIN_5": 2409972.3,
      "ENCHANTMENT_ULTIMATE_FATAL_TEMPO_5": 1323923401.6,
      "ENCHANTMENT_EXPERTISE_1": 4392496.1,
      "ENCHANTMENT_ULTIMATE_FATAL_TEMPO_3": 330980850.4,
      "ENCHANTMENT_ULTIMATE_FATAL_TEMPO_4": 661961700.8,
      "ENCHANTMENT_ULTIMATE_FATAL_TEMPO_1": 82745212.6,
      "ENCHANTMENT_ULTIMATE_FATAL_TEMPO_2": 165490425.2,
      "ENCHANTMENT_BLESSING_6": 4051495.4,
      "ENCHANTMENT_CHAMPION_1": 4541693.8,
      "ENCHANTMENT_ULTIMATE_ONE_FOR_ALL_1": 2842990.2,
      "ENCHANTMENT_SNIPE_4": 88999999.4,
      "ENCHANTMENT_ULTIMATE_BANK_5": 16692.4,
      "ENCHANTMENT_ULTIMATE_LEGION_1": 1652746.3,
      "ENCHANTMENT_ULTIMATE_BANK_2": 0,
      "ENCHANTMENT_ULTIMATE_BANK_1": 143.9,
      "ENCHANTMENT_ULTIMATE_LEGION_2": 3607889.2,
      "ENCHANTMENT_ULTIMATE_BANK_4": 13897.7,
      "ENCHANTMENT_ULTIMATE_BANK_3": 0,
      "ENCHANTMENT_ULTIMATE_LEGION_5": 26853750.9,
      "ENCHANTMENT_ULTIMATE_LEGION_3": 7386342.8,
      "ENCHANTMENT_ULTIMATE_LEGION_4": 13018620,
      "ENCHANTMENT_COUNTER_STRIKE_3": 0,
      "ENCHANTMENT_COUNTER_STRIKE_4": 0,
      "ENCHANTMENT_COUNTER_STRIKE_5": 89999997.3,
      "ENCHANTMENT_SPIKED_HOOK_6": 0,
      "ESSENCE_DIAMOND": 577.9,
      "ENCHANTMENT_LETHALITY_6": 93229.5,
      "ENCHANTMENT_REJUVENATE_1": 38980.4,
      "ENCHANTMENT_CLEAVE_6": 22461528.1,
      "ENCHANTMENT_REJUVENATE_5": 743134.9,
      "ENCHANTMENT_VICIOUS_3": 30999999,
      "ENCHANTMENT_VICIOUS_4": 0,
      "ENCHANTMENT_REJUVENATE_4": 507998.4,
      "ENCHANTMENT_REJUVENATE_3": 171221,
      "ENCHANTMENT_VICIOUS_5": 105608175.1,
      "ENCHANTMENT_REJUVENATE_2": 77073.2,
      "ENCHANTMENT_TURBO_CARROT_2": 900499.9,
      "ENCHANTMENT_TURBO_CARROT_1": 53678.6,
      "ENCHANTMENT_GIANT_KILLER_6": 1676364.1,
      "ENCHANTMENT_GIANT_KILLER_7": 169000000,
      "ENCHANTMENT_TRIPLE_STRIKE_5": 55475290.2,
      "ENCHANTMENT_ULTIMATE_INFERNO_1": 17811212.5,
      "ENCHANTMENT_ULTIMATE_INFERNO_3": 97999999.9,
      "ENCHANTMENT_ULTIMATE_INFERNO_2": 89999996.6,
      "ENCHANTMENT_ULTIMATE_INFERNO_5": 0,
      "ENCHANTMENT_ULTIMATE_INFERNO_4": 199999000,
      "ENCHANTMENT_TURBO_CARROT_4": 1009398.5,
      "ENCHANTMENT_TURBO_CARROT_3": 404999.3,
      "ENCHANTMENT_TURBO_CARROT_5": 1099999.1,
      "ENCHANTMENT_TURBO_CANE_4": 291764.1,
      "ENCHANTMENT_TURBO_CANE_3": 134996.3,
      "ENCHANTMENT_TURBO_CANE_2": 34935.1,
      "ENCHANTMENT_TURBO_CANE_1": 10774,
      "ENCHANTMENT_TURBO_CANE_5": 499996.3,
      "THIRD_MASTER_STAR": 29999996.6,
      "ENCHANTMENT_FORTUNE_4": 568770.3,
      "WOOD_SINGULARITY": 4872997,
      "ENCHANTMENT_FRAIL_6": 7935.6,
      "ENCHANTMENT_SYPHON_5": 66799999.6,
      "ENCHANTMENT_SYPHON_4": 605999.5,
      "ENCHANTMENT_EXECUTE_6": 38728492.3,
      "ENCHANTMENT_INFINITE_QUIVER_10": 57999,
      "ENCHANTMENT_LOOTING_4": 7929.2,
      "ENCHANTMENT_SMITE_7": 8567077.8,
      "ENCHANTMENT_SCAVENGER_4": 477,
      "ENCHANTMENT_SCAVENGER_5": 49999999.4,
      "ENCHANTMENT_LOOTING_5": 201999998.9,
      "ENCHANTMENT_CUBISM_6": 79999997.5,
      "ENCHANTMENT_SMITE_6": 379.6,
      "ENCHANTMENT_HECATOMB_1": 6057765,
      "ENCHANTMENT_LUCK_6": 7198.5,
      "ENCHANTMENT_LUCK_7": 39999998.3,
      "ENCHANTMENT_DIVINE_GIFT_1": 26804747.2,
      "ENCHANTMENT_DIVINE_GIFT_2": 53609494.4,
      "ENCHANTMENT_DIVINE_GIFT_3": 107218988.8,
      "ENCHANTMENT_INFINITE_QUIVER_8": 38128.6,
      "ENCHANTMENT_INFINITE_QUIVER_9": 8748406,
      "ENCHANTMENT_INFINITE_QUIVER_6": 107.6,
      "ENCHANTMENT_INFINITE_QUIVER_7": 0,
      "ENCHANTMENT_ULTIMATE_WISDOM_4": 1990074.1,
      "ENCHANTMENT_TURBO_POTATO_3": 499992,
      "ENCHANTMENT_ULTIMATE_WISDOM_5": 3375193.9,
      "ENCHANTMENT_TURBO_POTATO_4": 915321.2,
      "ENCHANTMENT_TURBO_POTATO_5": 1174999.1,
      "ENCHANTMENT_BANE_OF_ARTHROPODS_6": 0,
      "ENCHANTMENT_ULTIMATE_WISDOM_1": 194466,
      "ENCHANTMENT_BANE_OF_ARTHROPODS_7": 2499999.7,
      "ENCHANTMENT_TURBO_POTATO_1": 68058.5,
      "ENCHANTMENT_ULTIMATE_WISDOM_2": 389653.4,
      "ENCHANTMENT_ULTIMATE_WISDOM_3": 1080798,
      "ENCHANTMENT_TURBO_POTATO_2": 191997.5,
      "LAVA_WATER_ORB": 4699995.3,
      "WATER_ORB": 969695.7,
      "BOBBIN_SCRIPTURES": 34997.2,
      "SPOOKY_WATER_ORB": 8100549.3,
      "GLOWY_CHUM_BAIT": 441.7,
      "PITCHIN_KOI": 44439.8,
      "BLUE_ICE_HUNK": 93118.1,
      "ENCHANTMENT_PISCARY_6": 199060.8,
      "SHARK_WATER_ORB": 11999999.6,
      "ENCHANTMENT_ULTIMATE_BOBBIN_TIME_3": 31529994.2,
      "ENCHANTMENT_ULTIMATE_BOBBIN_TIME_4": 66691235,
      "ENCHANTMENT_ULTIMATE_BOBBIN_TIME_5": 125893748,
      "ICE_HUNK": 0,
      "DIVER_FRAGMENT": 382152.6,
      "WINTER_WATER_ORB": 8149999.3,
      "RITUAL_RESIDUE": 1493681.9,
      "MITE_GEL": 1990.3,
      "SALT_CUBE": 2893.6,
      "ENCHANTMENT_EXPERIENCE_5": 63999999.6,
      "RUSTY_ANCHOR": 4999996.3,
      "GLACIAL_FRAGMENT": 13395.7,
      "ENCHANTMENT_PROSPERITY_1": 1101976,
      "ENCHANTMENT_PROSPERITY_3": 10000000,
      "ENCHANTMENT_PROSPERITY_2": 16411096.9,
      "ENCHANTMENT_PROSPERITY_5": 34999998.7,
      "ENCHANTMENT_PROSPERITY_4": 0,
      "CROPIE": 25080.3,
      "COMPOST": 28442.8,
      "ENCHANTED_COMPOST": 4660017,
      "FERMENTO": 255189.1,
      "CONDENSED_FERMENTO": 2288103.9,
      "SQUASH": 76540.6,
      "ENCHANTMENT_SUNDER_1": 49698.3,
      "ENCHANTMENT_SUNDER_4": 655995.9,
      "ENCHANTMENT_SUNDER_5": 1009997.6,
      "ENCHANTMENT_SUNDER_2": 145869.6,
      "ENCHANTMENT_SUNDER_3": 329998.7,
      "OVERGROWN_GRASS": 66590965.8,
      "LARGE_WALNUT": 728878.2,
      "ENCHANTMENT_DEDICATION_2": 2653930.1,
      "ENCHANTMENT_DEDICATION_1": 1299999.1,
      "ENCHANTMENT_DEDICATION_4": 82333143.9,
      "ENCHANTMENT_DEDICATION_3": 5599990,
      "FLOWERING_BOUQUET": 1479.4,
      "SKYMART_BROCHURE": 462997.1,
      "BURROWING_SPORES": 8999996.5,
      "ENCHANTMENT_GREEN_THUMB_5": 139999995.1,
      "ENCHANTMENT_GREEN_THUMB_1": 8912013.2,
      "ENCHANTMENT_GREEN_THUMB_2": 21500000,
      "ENCHANTMENT_GREEN_THUMB_3": 64999999.3,
      "ENCHANTMENT_GREEN_THUMB_4": 80538763.4,
      "DUNGEON_TRAP": 1,
      "GIANT_FRAGMENT_LASER": 1157778.9,
      "MINION_EXPANDER": 93989.5,
      "KELVIN_INVERTER": 315588.5,
      "ULTIMATE_CARROT_CANDY": 2519997.3,
      "SOLAR_PANEL": 159999.7,
      "UNDEAD_CATALYST": 2324.7,
      "DUNGEON_DECOY": 35,
      "FLY_SWATTER": 524537.2,
      "HYPERGOLIC_IONIZED_CERAMICS": 61686.4,
      "FULL_CHUM_BUCKET": 12500,
      "PUMPKIN_BOMB": 5804.5,
      "SOULFLOW_ENGINE": 22300000,
      "PET_ITEM_TOY_JERRY": 189999.6,
      "ROBOTRON_REFLECTOR": 974598.9,
      "ENCHANTED_BONE_MEAL": 12.9,
      "SMALL_ENCHANTED_CHEST": 367.4,
      "SCORCHED_POWER_CRYSTAL": 3768995.6,
      "SCARF_FRAGMENT": 55.1,
      "REHEATED_GUMMY_POLAR_BEAR": 351629,
      "FLYCATCHER_UPGRADE": 26999998.8,
      "FTX_3070": 40078.6,
      "PET_ITEM_VAMPIRE_FANG": 16530.4,
      "GREAT_CARROT_CANDY": 192023.1,
      "GIANT_FRAGMENT_BIGFOOT": 29049.5,
      "MAGIC_MUSHROOM_SOUP": 694.2,
      "SUPER_MAGIC_MUSHROOM_SOUP": 8269.9,
      "LESSER_SOULFLOW_ENGINE": 2499999.8,
      "BONZO_FRAGMENT": 88.2,
      "TESSELLATED_ENDER_PEARL": 4201618.7,
      "INFERNO_FUEL_BLOCK": 59573.9,
      "PET_ITEM_EXP_SHARE_DROP": 1939999.7,
      "ENCHANTED_POPPY": 2224,
      "HEALING_TISSUE": 42693.7,
      "GLACITE_JEWEL": 172085.5,
      "WEAK_WOLF_CATALYST": 50523.5,
      "BEJEWELED_HANDLE": 529999.3,
      "LARGE_ENCHANTED_CHEST": 446112.2,
      "CORRUPT_SOIL": 2826448.6,
      "THE_ART_OF_PEACE": 54001733.9,
      "VOLTA": 35293.1,
      "SUPERLITE_MOTOR": 22304.5,
      "BRAIDED_GRIFFIN_FEATHER": 25999996.1,
      "SPIRIT_WING": 7649614,
      "ENCHANTED_WOOL": 316.4,
      "SUPERB_CARROT_CANDY": 2299999.4,
      "SORROW": 399205.8,
      "CRYSTAL_FRAGMENT": 129138.8,
      "GLOWING_MUSHROOM": 911.2,
      "POISONOUS_POTATO": 25.8,
      "KISMET_FEATHER": 1437397.3,
      "MITHRIL_PLATE": 6033276.8,
      "CHYME": 1092261.1,
      "DIVAN_FRAGMENT": 858388.4,
      "BAT_FIREWORK": 250000,
      "ARROW_BUNDLE_MAGMA": 154335.9,
      "TWILIGHT_ARROW_POISON": 1436.8,
      "POTATO_SPREADING": 22998.2,
      "NULL_EDGE": 439990.3,
      "YELLOW_FLOWER": 258.7,
      "REVENANT_CATALYST": 8312.2,
      "WITHER_CATALYST": 1099996.6,
      "SULPHURIC_COAL": 6583.7,
      "ENCHANTED_HOPPER": 1234993.6,
      "GIANT_FRAGMENT_DIAMOND": 2245703.3,
      "SUPERBOOM_TNT": 6.9,
      "SPIRIT_LEAP": 256.5,
      "SIMPLE_CARROT_CANDY": 10000,
      "OIL_BARREL": 35370.5,
      "GOLEM_POPPY": 28999.6,
      "ENCHANTED_POISONOUS_POTATO": 3338.4,
      "SYNTHETIC_HEART": 195164.6,
      "XXLARGE_ENCHANTED_CHEST": 3968000.5,
      "FUEL_TANK": 199996.8,
      "JALAPENO_BOOK": 10999998.8,
      "ELECTRON_TRANSMITTER": 45299.3,
      "STUFFED_CHILI_PEPPER": 12999998.6,
      "BUDGET_HOPPER": 10999.8,
      "TERRY_SNOWGLOBE": 1591265.5,
      "SPIDER_CATALYST": 3999.7,
      "MIMIC_FRAGMENT": 1864.5,
      "ENCHANTED_DANDELION": 39899.2,
      "ENDERMAN_CORTEX_REWRITER": 163495.8,
      "PET_ITEM_LUCKY_CLOVER_DROP": 3843024.3,
      "GOLDEN_PLATE": 2062973,
      "CORLEONITE": 2699996.1,
      "SUBZERO_INVERTER": 2458121.9,
      "NULL_BLADE": 63399996.2,
      "BOB_OMB": 602.5,
      "MITHRIL_INFUSION": 4699999,
      "LIVID_FRAGMENT": 34191.2,
      "PLASMA": 19994.9,
      "CHUM": 1.7,
      "FEL_PEARL": 866.9,
      "HORSEMAN_CANDLE": 804084.8,
      "RED_ROSE": 500,
      "EMPTY_CHUM_BUCKET": 11299.6,
      "GIANT_FRAGMENT_BOULDER": 15998.5,
      "FROZEN_BAUBLE": 8498999.9,
      "RADIOACTIVE_VIAL": 295891999.9,
      "GREAT_WHITE_TOOTH_MEAL": 11999990.8,
      "CONTROL_SWITCH": 73374.1,
      "DIAMOND_SPREADING": 4657,
      "AUTO_SMELTER": 11678.4,
      "WOOL": 7,
      "WHIPPED_MAGMA_CREAM": 270197.8,
      "DRILL_ENGINE": 3700000,
      "BOX_OF_SEEDS": 76763.8,
      "XLARGE_ENCHANTED_CHEST": 2399998.4,
      "PET_ITEM_TIER_BOOST_DROP": 48075894.6,
      "GEMSTONE_MIXTURE": 1723290.5,
      "SPIRIT_BONE": 1100000,
      "JUNGLE_KEY": 55288,
      "GOLDEN_POWDER": 19820.9,
      "DUNGEON_CHEST_KEY": 168767.5,
      "INFLATABLE_JERRY": 1.7,
      "MEDIUM_ENCHANTED_CHEST": 15002.2,
      "TOXIC_ARROW_POISON": 2350.7,
      "BUBBA_BLISTER": 801599.5,
      "DISPLACED_LEECH": 199995.7,
      "LUSH_BERBERIS": 690.9,
      "EXPORTABLE_CARROTS": 5464.7,
      "HEMOVIBE": 429.9,
      "HEMOBOMB": 1077648.1,
      "CHOCOLATE_CHIP": 817331.4,
      "PRESUMED_GALLON_OF_RED_PAINT": 3699992.9,
      "HEMOGLASS": 63563.4,
      "ENCHANTMENT_ULTIMATE_THE_ONE_5": 119999998.2,
      "ENCHANTMENT_ULTIMATE_THE_ONE_4": 49999998.8,
      "AGARIMOO_TONGUE": 14987.3,
      "ENCHANTED_LUSH_BERBERIS": 66601.2,
      "FULL_JAW_FANGING_KIT": 7749999.6,
      "ENCHANTMENT_REFLECTION_5": 7387998.5,
      "ENCHANTMENT_REFLECTION_4": 6653434.1,
      "ENCHANTMENT_REFLECTION_1": 399998.4,
      "ENCHANTMENT_REFLECTION_3": 3613356.3,
      "ENCHANTMENT_REFLECTION_2": 999999.7,
      "ENCHANTED_CARROT_STICK": 68026.1,
      "BERBERIS_FUEL_INJECTOR": 1911578.6,
      "ENCHANTMENT_TRANSYLVANIAN_5": 1270612.4,
      "ENCHANTMENT_TRANSYLVANIAN_4": 835872.2
    },
    "buyOrder": {
      "ENCHANTED_RAW_CHICKEN": 608,
      "INK_SACK:3": 2.5,
      "BROWN_MUSHROOM": 7.5,
      "ENCHANTED_WATER_LILY": 2700.1,
      "INK_SACK:4": 5.2,
      "TARANTULA_WEB": 232.8,
      "CARROT_ITEM": 2.8,
      "ENCHANTED_POTATO": 485.5,
      "LOG:1": 10.4,
      "ENCHANTED_SLIME_BALL": 2534.7,
      "ENCHANTED_GOLDEN_CARROT": 66436.9,
      "LOG:3": 11.1,
      "LOG:2": 2.8,
      "ENCHANTED_RABBIT_HIDE": 9056,
      "ENCHANTED_GLOWSTONE_DUST": 2595.3,
      "ENCHANTED_INK_SACK": 100000.3,
      "ENCHANTED_CACTUS": 131292.7,
      "ENCHANTED_SUGAR_CANE": 113251.1,
      "ENCHANTED_BIRCH_LOG": 904.7,
      "ENCHANTED_GUNPOWDER": 2939.1,
      "ENCHANTED_MELON": 305.8,
      "ENCHANTED_COOKED_SALMON": 252860.3,
      "ENCHANTED_SUGAR": 668.8,
      "LOG": 4.6,
      "CACTUS": 5.8,
      "ENCHANTED_BLAZE_ROD": 480000,
      "GHAST_TEAR": 77.1,
      "ENCHANTED_CAKE": 7602.3,
      "PUMPKIN": 8.4,
      "ENCHANTED_ENDER_PEARL": 142.2,
      "PURPLE_CANDY": 20250.1,
      "WHEAT": 4.9,
      "ENCHANTED_FERMENTED_SPIDER_EYE": 124112.1,
      "ENCHANTED_GOLD_BLOCK": 108489.1,
      "ENCHANTED_RAW_SALMON": 1540,
      "ENCHANTED_JUNGLE_LOG": 2198.4,
      "ENCHANTED_FLINT": 6222.7,
      "ENCHANTED_GLISTERING_MELON": 3817.2,
      "IRON_INGOT": 7.1,
      "PRISMARINE_SHARD": 1.3,
      "ENCHANTED_EMERALD": 1416.7,
      "ENCHANTED_SPIDER_EYE": 1547.2,
      "ENCHANTED_EMERALD_BLOCK": 148280.7,
      "RED_MUSHROOM": 7.3,
      "MUTTON": 40.5,
      "ENCHANTED_MELON_BLOCK": 50074.9,
      "ENCHANTED_CLAY_BALL": 466.4,
      "DIAMOND": 6.3,
      "COBBLESTONE": 4.7,
      "SPIDER_EYE": 7.3,
      "RAW_FISH": 18.5,
      "ENCHANTED_PUFFERFISH": 2318,
      "GLOWSTONE_DUST": 15.5,
      "GOLD_INGOT": 4,
      "REVENANT_VISCERA": 98427.2,
      "TARANTULA_SILK": 237002,
      "POTATO_ITEM": 2,
      "ENCHANTED_MUTTON": 6028.2,
      "ENCHANTED_HUGE_MUSHROOM_1": 49900.8,
      "SUPER_COMPACTOR_3000": 500001.6,
      "ENCHANTED_IRON": 1501.1,
      "SUPER_EGG": 577189.9,
      "STOCK_OF_STONKS": 5328498.2,
      "ENCHANTED_COBBLESTONE": 1002.3,
      "ENCHANTED_BONE": 776.5,
      "ENCHANTED_PAPER": 816.4,
      "ENCHANTED_HUGE_MUSHROOM_2": 49502.2,
      "PORK": 18,
      "ENCHANTED_DIAMOND_BLOCK": 202068.1,
      "EMERALD": 7,
      "ENCHANTED_RABBIT_FOOT": 800.6,
      "PRISMARINE_CRYSTALS": 5.1,
      "HOT_POTATO_BOOK": 81333.1,
      "ENCHANTED_ICE": 941.8,
      "ICE": 4.8,
      "CLAY_BALL": 2.3,
      "HUGE_MUSHROOM_1": 46.9,
      "HUGE_MUSHROOM_2": 61,
      "LOG_2:1": 6.1,
      "GREEN_GIFT": 6100,
      "ENCHANTED_SNOW_BLOCK": 579.6,
      "GOLDEN_TOOTH": 74369.9,
      "STRING": 15.5,
      "PACKED_ICE": 41.1,
      "WATER_LILY": 9.7,
      "RABBIT_FOOT": 2.9,
      "LOG_2": 4.8,
      "REDSTONE": 0.5,
      "ENCHANTED_OBSIDIAN": 3627,
      "ENCHANTED_COAL": 952.2,
      "COAL": 4.7,
      "ENCHANTED_QUARTZ": 4300.1,
      "ENDER_PEARL": 4.5,
      "ENCHANTED_COAL_BLOCK": 57723.4,
      "ENCHANTED_CACTUS_GREEN": 830.4,
      "ENCHANTED_PRISMARINE_CRYSTALS": 361.1,
      "ENCHANTED_ENDSTONE": 290.8,
      "ENCHANTED_LAPIS_LAZULI_BLOCK": 80945.7,
      "ENCHANTED_COOKIE": 73786.4,
      "ENCHANTED_STRING": 2896.1,
      "SLIME_BALL": 40.2,
      "ENDER_STONE": 1.7,
      "ENCHANTED_RAW_FISH": 1186.3,
      "ENCHANTED_ACACIA_LOG": 1682.8,
      "SNOW_BALL": 0,
      "ENCHANTED_EGG": 3543.5,
      "QUARTZ": 28.3,
      "RAW_BEEF": 1.4,
      "ENCHANTED_EYE_OF_ENDER": 7694,
      "SAND": 11,
      "RAW_CHICKEN": 4,
      "MAGMA_CREAM": 3.4,
      "SUGAR_CANE": 3.3,
      "ENCHANTED_LAPIS_LAZULI": 914.9,
      "ENCHANTED_GHAST_TEAR": 406.5,
      "ENCHANTED_COCOA": 542.1,
      "RED_GIFT": 50000.6,
      "ENCHANTED_RAW_BEEF": 587.7,
      "SEEDS": 1.7,
      "ENCHANTED_LEATHER": 8105.3,
      "ENCHANTED_SPONGE": 1866.7,
      "ENCHANTED_FEATHER": 430.9,
      "ENCHANTED_SLIME_BLOCK": 125500.3,
      "ENCHANTED_OAK_LOG": 1187.2,
      "RABBIT_HIDE": 9.6,
      "WHITE_GIFT": 2563.1,
      "INK_SACK": 1169.3,
      "FLINT": 36.5,
      "ENCHANTED_SPRUCE_LOG": 2115.4,
      "WOLF_TOOTH": 305,
      "ENCHANTED_ROTTEN_FLESH": 625.2,
      "ENCHANTED_GRILLED_PORK": 140000.3,
      "SULPHUR": 13.8,
      "NETHER_STALK": 2.4,
      "RABBIT": 7.3,
      "ENCHANTED_NETHER_STALK": 631.9,
      "ENCHANTED_REDSTONE_BLOCK": 28897.5,
      "ENCHANTED_QUARTZ_BLOCK": 704402.6,
      "ENCHANTED_CARROT": 497.3,
      "ENCHANTED_PUMPKIN": 1588.6,
      "GREEN_CANDY": 1950.3,
      "ENCHANTED_REDSTONE": 221.2,
      "ROTTEN_FLESH": 3.6,
      "ENCHANTED_COOKED_FISH": 147077.2,
      "OBSIDIAN": 20.8,
      "ENCHANTED_MAGMA_CREAM": 1388.8,
      "GRAVEL": 0.9,
      "MELON": 1.3,
      "ENCHANTED_PACKED_ICE": 152000,
      "RAW_FISH:3": 10.1,
      "ENCHANTED_PRISMARINE_SHARD": 364,
      "ENCHANTED_IRON_BLOCK": 229320.2,
      "LEATHER": 38.6,
      "ENCHANTED_COOKED_MUTTON": 124765.1,
      "BONE": 2.5,
      "RAW_FISH:1": 6.4,
      "REVENANT_FLESH": 1,
      "ENCHANTED_PORK": 2913.6,
      "ENCHANTED_GLOWSTONE": 60124.3,
      "ENCHANTED_RABBIT": 581.1,
      "ENCHANTED_BREAD": 127.5,
      "FEATHER": 0.4,
      "ENCHANTED_CHARCOAL": 610.4,
      "ENCHANTED_BLAZE_POWDER": 9149.9,
      "NETHERRACK": 0.4,
      "SUMMONING_EYE": 731835.5,
      "SPONGE": 40.7,
      "BLAZE_ROD": 47.2,
      "ENCHANTED_DARK_OAK_LOG": 1900,
      "SNOW_BLOCK": 3,
      "ENCHANTED_BAKED_POTATO": 75512.8,
      "COMPACTOR": 6500.1,
      "ENCHANTED_DIAMOND": 1317.3,
      "ENCHANTED_GOLD": 715.2,
      "WISE_FRAGMENT": 24906.8,
      "PROTECTOR_FRAGMENT": 4024.8,
      "STRONG_FRAGMENT": 11785.3,
      "YOUNG_FRAGMENT": 3769.8,
      "UNSTABLE_FRAGMENT": 3903.9,
      "SUPERIOR_FRAGMENT": 109846.3,
      "OLD_FRAGMENT": 2318.2,
      "ENCHANTED_FIREWORK_ROCKET": 210463.1,
      "ENCHANTED_LAVA_BUCKET": 123415.1,
      "CATALYST": 128707.2,
      "ENCHANTED_REDSTONE_LAMP": 107282.8,
      "ENCHANTED_HAY_BLOCK": 7675.5,
      "HAY_BLOCK": 49.6,
      "ENCHANTED_SEEDS": 470.6,
      "ENCHANTED_SAND": 1813.3,
      "ENCHANTED_RED_MUSHROOM": 1560.5,
      "ENCHANTED_BROWN_MUSHROOM": 1540.7,
      "ENCHANTED_WET_SPONGE": 77572,
      "HAMSTER_WHEEL": 32805.4,
      "FOUL_FLESH": 24994.6,
      "RECOMBOBULATOR_3000": 7253557.2,
      "HOLY_FRAGMENT": 3403.1,
      "FUMING_POTATO_BOOK": 1111112.3,
      "CARROT_BAIT": 27,
      "MINNOW_BAIT": 4.4,
      "FISH_BAIT": 86.3,
      "LIGHT_BAIT": 60,
      "DARK_BAIT": 1274.7,
      "SPOOKY_BAIT": 26.3,
      "SPIKED_BAIT": 30.5,
      "BLESSED_BAIT": 191.2,
      "ICE_BAIT": 1,
      "WHALE_BAIT": 2297.8,
      "ENCHANTED_CLOWNFISH": 3037.1,
      "RAW_FISH:2": 13.2,
      "ENCHANTED_BONE_BLOCK": 105000.9,
      "BOOSTER_COOKIE": 7185287.8,
      "TIGER_SHARK_TOOTH": 72563.6,
      "BLUE_SHARK_TOOTH": 162222.3,
      "NURSE_SHARK_TOOTH": 10401.4,
      "GREAT_WHITE_SHARK_TOOTH": 2067567.7,
      "SHARK_FIN": 2628.2,
      "ENCHANTED_SHARK_FIN": 428865.6,
      "GRIFFIN_FEATHER": 128754.7,
      "DAEDALUS_STICK": 13500001,
      "ANCIENT_CLAW": 133,
      "ENCHANTED_ANCIENT_CLAW": 3474.8,
      "REFINED_MINERAL": 10500.4,
      "SHARK_BAIT": 154,
      "HYPERGOLIC_GABAGOOL": 23000000,
      "HYPER_CATALYST": 180748.9,
      "ECTOPLASM": 89822.1,
      "PUMPKIN_GUTS": 125002.4,
      "SPOOKY_SHARD": 31118.6,
      "WEREWOLF_SKIN": 31802.5,
      "SOUL_FRAGMENT": 1430448.1,
      "JACOBS_TICKET": 22354.3,
      "EXP_BOTTLE": 37,
      "GRAND_EXP_BOTTLE": 5634.4,
      "TITANIC_EXP_BOTTLE": 490000.9,
      "COLOSSAL_EXP_BOTTLE": 1796486.1,
      "POLISHED_PUMPKIN": 251236.3,
      "TIGHTLY_TIED_HAY_BALE": 1097144.8,
      "MUTANT_NETHER_STALK": 101000,
      "REFINED_MITHRIL": 364635.8,
      "TITANIUM_ORE": 221.5,
      "MITHRIL_ORE": 6.2,
      "STARFALL": 1902.6,
      "REFINED_TITANIUM": 825371.9,
      "REFINED_DIAMOND": 518700.4,
      "JERRY_BOX_GOLDEN": 1273070.9,
      "JERRY_BOX_PURPLE": 522092.2,
      "JERRY_BOX_BLUE": 152000.1,
      "JERRY_BOX_GREEN": 91956.3,
      "ENCHANTED_MITHRIL": 1266.1,
      "ENCHANTED_TITANIUM": 36448.7,
      "MAGMA_BUCKET": 3742248.7,
      "PLASMA_BUCKET": 11112298.6,
      "DWARVEN_COMPACTOR": 611391.4,
      "POWER_CRYSTAL": 667242.5,
      "TREASURITE": 5145.4,
      "ENCHANTED_NETHERRACK": 145,
      "NULL_SPHERE": 2.8,
      "NULL_OVOID": 122869.6,
      "NULL_ATOM": 32012.9,
      "RAW_SOULFLOW": 202.1,
      "SOULFLOW": 44994,
      "ABSOLUTE_ENDER_PEARL": 12278.1,
      "ROUGH_JADE_GEM": 1.6,
      "FLAWED_JADE_GEM": 231.1,
      "FINE_JADE_GEM": 18747.5,
      "FLAWLESS_JADE_GEM": 1527225,
      "PERFECT_JADE_GEM": 10359119.2,
      "ROUGH_AMBER_GEM": 1.5,
      "FLAWED_AMBER_GEM": 234.8,
      "FINE_AMBER_GEM": 18855.7,
      "FLAWLESS_AMBER_GEM": 1574007.8,
      "PERFECT_AMBER_GEM": 10500939.6,
      "ROUGH_TOPAZ_GEM": 1.4,
      "FLAWED_TOPAZ_GEM": 232.6,
      "FINE_TOPAZ_GEM": 19317.9,
      "FLAWLESS_TOPAZ_GEM": 1601368.2,
      "PERFECT_TOPAZ_GEM": 10058508.3,
      "ROUGH_SAPPHIRE_GEM": 1.5,
      "FLAWED_SAPPHIRE_GEM": 234.9,
      "FINE_SAPPHIRE_GEM": 18757.1,
      "FLAWLESS_SAPPHIRE_GEM": 1540373.7,
      "PERFECT_SAPPHIRE_GEM": 11024465.5,
      "ROUGH_AMETHYST_GEM": 1.5,
      "FLAWED_AMETHYST_GEM": 239.3,
      "FINE_AMETHYST_GEM": 19822.5,
      "FLAWLESS_AMETHYST_GEM": 1724406.4,
      "PERFECT_AMETHYST_GEM": 12450198.8,
      "ROUGH_JASPER_GEM": 10.3,
      "FLAWED_JASPER_GEM": 1074.6,
      "FINE_JASPER_GEM": 89968.9,
      "FLAWLESS_JASPER_GEM": 7556658.7,
      "PERFECT_JASPER_GEM": 41354522.6,
      "ROUGH_RUBY_GEM": 1.5,
      "FLAWED_RUBY_GEM": 228.4,
      "FINE_RUBY_GEM": 18900.6,
      "FLAWLESS_RUBY_GEM": 1502502.1,
      "PERFECT_RUBY_GEM": 9606601.7,
      "ROUGH_OPAL_GEM": 13.1,
      "FLAWED_OPAL_GEM": 231,
      "FINE_OPAL_GEM": 19004.6,
      "FLAWLESS_OPAL_GEM": 1675377.7,
      "PERFECT_OPAL_GEM": 8650001.4,
      "HARD_STONE": 4,
      "ENCHANTED_HARD_STONE": 3675.5,
      "CONCENTRATED_STONE": 2175159.2,
      "YOGGIE": 100.2,
      "SLUDGE_JUICE": 3059.5,
      "WORM_MEMBRANE": 51120.5,
      "GOBLIN_EGG_GREEN": 32800.3,
      "GOBLIN_EGG_BLUE": 2238665.3,
      "GOBLIN_EGG_RED": 50000.4,
      "GOBLIN_EGG_YELLOW": 197473.8,
      "GOBLIN_EGG": 30522,
      "ARACHNE_KEEPER_FRAGMENT": 7221.5,
      "SOUL_STRING": 4820.9,
      "CHEESE_FUEL": 6005.4,
      "MYCEL": 134.3,
      "ENCHANTED_MYCELIUM": 15803,
      "ENCHANTED_MYCELIUM_CUBE": 145856.1,
      "SULPHUR_ORE": 6.3,
      "ENCHANTED_SULPHUR": 1550.2,
      "ENCHANTED_SULPHUR_CUBE": 251358.4,
      "SAND:1": 62.1,
      "ENCHANTED_RED_SAND": 12500,
      "ENCHANTED_RED_SAND_CUBE": 349924.8,
      "CORRUPTED_BAIT": 14.3,
      "HORNS_OF_TORMENT": 1500000,
      "DARK_ORB": 21.5,
      "ROCK_GEMSTONE": 618283.6,
      "END_STONE_SHULKER": 2.2,
      "ENDER_MONOCLE": 72.9,
      "HAZMAT_ENDERMAN": 10201,
      "LUXURIOUS_SPOOL": 0,
      "KUUDRA_MANDIBLE": 954752.6,
      "BLAZE_ROD_DISTILLATE": 3500.4,
      "ACACIA_BIRDHOUSE": 712000,
      "DERELICT_ASHE": 10.8,
      "MAGMA_FISH_GOLD": 2500001.7,
      "MELON_BLOCK": 23.1,
      "AMBER_MATERIAL": 27.6,
      "CRUDE_GABAGOOL_DISTILLATE": 112460.3,
      "METEOR_SHARD": 1400003.2,
      "DIAMOND_ATOM": 3006.5,
      "PRECURSOR_GEAR": 524508,
      "NECROMANCER_BROOCH": 37111.2,
      "DEEP_SEA_ORB": 4828546.2,
      "PETRIFIED_STARFALL": 35002,
      "RED_SCARF": 399788.6,
      "SADAN_BROOCH": 50000.2,
      "ONYX": 1.3,
      "OMEGA_EGG": 272383.7,
      "MAGMA_CREAM_DISTILLATE": 5000,
      "FURBALL": 22680.7,
      "GIANT_TOOTH": 230281.8,
      "ENDSTONE_GEODE": 2.7,
      "OPTICAL_LENS": 0.3,
      "HOT_BAIT": 242.6,
      "BEATING_HEART": 1171,
      "AMALGAMATED_CRIMSONITE_NEW": 600003.4,
      "SALMON_OPAL": 818.7,
      "AOTE_STONE": 3761000.1,
      "GOLDEN_BALL": 1550000,
      "MAGMA_FISH": 345.1,
      "GLOWSTONE_DUST_DISTILLATE": 3003.9,
      "MANDRAA": 2752366.5,
      "MOLTEN_CUBE": 68.4,
      "BULKY_STONE": 1263648.4,
      "INFERNO_VERTEX": 46000000.4,
      "REFINED_AMBER": 430000.1,
      "JADERALD": 6100000.5,
      "NETHER_STALK_DISTILLATE": 4212.3,
      "RARE_DIAMOND": 0,
      "CRUDE_GABAGOOL": 1114.6,
      "DRAGON_SCALE": 82.3,
      "DRAGON_HORN": 2214326.2,
      "HARDENED_WOOD": 10004.5,
      "HEAVY_GABAGOOL": 724000.8,
      "INFERNO_APEX": 0,
      "ECCENTRIC_PAINTING": 27100101,
      "REAPER_PEPPER": 85359677.7,
      "DIAMONITE": 1330861.4,
      "SPIRIT_DECOY": 798702.3,
      "OBSIDIAN_TABLET": 1206630.7,
      "VITAMIN_DEATH": 98644.4,
      "CANDY_CORN": 30.5,
      "MIDAS_JEWEL": 325.5,
      "PREMIUM_FLESH": 0,
      "PURE_MITHRIL": 200.2,
      "JERRY_STONE": 127.5,
      "MOLTEN_POWDER": 676850.5,
      "ROCK_CANDY": 100000.7,
      "MAGMA_URCHIN": 3160772.1,
      "SEARING_STONE": 799319.2,
      "BLESSED_FRUIT": 960118.1,
      "HOT_STUFF": 50000,
      "SUSPICIOUS_VIAL": 7500,
      "RED_NOSE": 2.4,
      "MAGMA_FISH_SILVER": 26786,
      "DRAGON_CLAW": 8679.6,
      "LUCKY_DICE": 825012.5,
      "FUEL_GABAGOOL": 32001.1,
      "PRECIOUS_PEARL": 1466628.5,
      "SCORCHED_BOOKS": 2858005.3,
      "MAGMA_FISH_DIAMOND": 28300030.7,
      "WITHER_BLOOD": 1739691.9,
      "BLAZE_WAX": 1175005.8,
      "LAPIS_CRYSTAL": 0,
      "SHINY_PRISM": 230001.7,
      "CHILI_PEPPER": 58225.6,
      "ENTROPY_SUPPRESSOR": 13628251.9,
      "ENCHANTMENT_ULTIMATE_NO_PAIN_NO_GAIN_2": 0,
      "ENCHANTMENT_ULTIMATE_NO_PAIN_NO_GAIN_1": 0,
      "ENCHANTMENT_PROTECTION_7": 32935001.6,
      "ENCHANTMENT_PROTECTION_6": 3711278,
      "ESSENCE_DRAGON": 1990.6,
      "ENCHANTMENT_TURBO_COCO_1": 173011.5,
      "ENCHANTMENT_TURBO_COCO_5": 2601553.4,
      "ENCHANTMENT_TURBO_COCO_4": 632518.4,
      "ENCHANTMENT_TURBO_COCO_3": 285253.2,
      "ENCHANTMENT_TURBO_COCO_2": 8008.1,
      "ENCHANTMENT_CORRUPTION_5": 10002.1,
      "ENCHANTMENT_CORRUPTION_4": 20.1,
      "ENCHANTMENT_CORRUPTION_3": 0.4,
      "ENCHANTMENT_CORRUPTION_2": 0.3,
      "ENCHANTMENT_CORRUPTION_1": 0,
      "ENCHANTMENT_CAYENNE_5": 9000000.1,
      "ENCHANTMENT_CAYENNE_4": 5000000.1,
      "ENCHANTMENT_TURBO_CACTUS_5": 2003.2,
      "ENCHANTMENT_TURBO_CACTUS_4": 1811857,
      "ENCHANTMENT_TURBO_CACTUS_3": 831513.3,
      "ENCHANTMENT_TURBO_CACTUS_2": 417501.1,
      "ENCHANTMENT_TURBO_CACTUS_1": 93664.3,
      "ENCHANTMENT_FIRE_ASPECT_3": 1687216.9,
      "ENCHANTMENT_ENDER_SLAYER_7": 77789695.3,
      "ENCHANTMENT_ENDER_SLAYER_6": 1300002.8,
      "ENCHANTMENT_BIG_BRAIN_4": 0,
      "ENCHANTMENT_BIG_BRAIN_5": 503.2,
      "ENCHANTMENT_BIG_BRAIN_3": 17075033.5,
      "ENCHANTMENT_THUNDERLORD_7": 6193363.9,
      "ENCHANTMENT_THUNDERLORD_6": 0,
      "ENCHANTMENT_TURBO_MELON_5": 3330000.6,
      "ENCHANTMENT_SHARPNESS_7": 72444000.2,
      "ENCHANTMENT_SHARPNESS_6": 2200129.3,
      "ENCHANTMENT_MANA_STEAL_1": 11150.4,
      "ENCHANTMENT_MANA_STEAL_2": 19908.9,
      "ENCHANTMENT_MANA_STEAL_3": 23038.9,
      "ENCHANTMENT_STRONG_MANA_7": 108.5,
      "ENCHANTMENT_TURBO_MELON_3": 780001.9,
      "ENCHANTMENT_STRONG_MANA_6": 4000.1,
      "ENCHANTMENT_TURBO_MELON_4": 1817789,
      "ENCHANTMENT_STRONG_MANA_5": 1157831.1,
      "ENCHANTMENT_TURBO_MELON_1": 174003.9,
      "ENCHANTMENT_STRONG_MANA_4": 314526.9,
      "ENCHANTMENT_TURBO_MELON_2": 322501.9,
      "ENCHANTMENT_STRONG_MANA_3": 150671.3,
      "ENCHANTMENT_STRONG_MANA_2": 60005.2,
      "ENCHANTMENT_STRONG_MANA_1": 42577.3,
      "ENCHANTMENT_HARDENED_MANA_1": 24002.3,
      "ENCHANTMENT_HARDENED_MANA_3": 35009,
      "ENCHANTMENT_HARDENED_MANA_2": 4000.5,
      "ENCHANTMENT_ULTIMATE_COMBO_1": 1.4,
      "ENCHANTMENT_ULTIMATE_COMBO_2": 0.7,
      "ENCHANTMENT_ULTIMATE_COMBO_5": 50000,
      "ENCHANTMENT_ULTIMATE_COMBO_3": 207.7,
      "ENCHANTMENT_ULTIMATE_COMBO_4": 2500.3,
      "ENCHANTMENT_STRONG_MANA_9": 100.2,
      "ENCHANTMENT_STRONG_MANA_8": 200.5,
      "ENCHANTMENT_TURBO_WARTS_1": 0.4,
      "ENCHANTMENT_TURBO_WARTS_2": 2.2,
      "ENCHANTMENT_TURBO_WARTS_3": 9.5,
      "ENCHANTMENT_TURBO_WARTS_4": 169.7,
      "ENCHANTMENT_TURBO_WARTS_5": 5003.2,
      "ENCHANTMENT_HARDENED_MANA_5": 210008.2,
      "ENCHANTMENT_HARDENED_MANA_4": 100009.4,
      "ENCHANTMENT_HARDENED_MANA_7": 200,
      "ENCHANTMENT_HARDENED_MANA_6": 8.3,
      "ENCHANTMENT_ULTIMATE_NO_PAIN_NO_GAIN_4": 1600,
      "ENCHANTMENT_HARDENED_MANA_9": 1000000,
      "ENCHANTMENT_ULTIMATE_NO_PAIN_NO_GAIN_3": 2,
      "ENCHANTMENT_HARDENED_MANA_8": 30.1,
      "ENCHANTMENT_ULTIMATE_NO_PAIN_NO_GAIN_5": 5700.5,
      "SIL_EX": 18563257.6,
      "ENCHANTMENT_EXPERIENCE_4": 212750.4,
      "ESSENCE_SPIDER": 2544.2,
      "IMPLOSION_SCROLL": 370000000.1,
      "ENCHANTMENT_MANA_VAMPIRE_10": 550001.9,
      "ENCHANTMENT_DELICATE_5": 1350000.1,
      "ENCHANTMENT_PROSECUTE_6": 58300003.5,
      "ENCHANTMENT_CASTER_6": 3004.5,
      "ENCHANTMENT_RESPITE_5": 30000.1,
      "ENCHANTMENT_RESPITE_3": 107002.9,
      "ENCHANTMENT_RESPITE_4": 88890.3,
      "ENCHANTMENT_RESPITE_1": 23647.6,
      "ENCHANTMENT_RESPITE_2": 25000.8,
      "ENCHANTMENT_OVERLOAD_5": 12874781.6,
      "ENCHANTMENT_OVERLOAD_4": 4999991.7,
      "ENCHANTMENT_OVERLOAD_3": 3300.3,
      "ENCHANTMENT_OVERLOAD_2": 30000.9,
      "ENCHANTMENT_OVERLOAD_1": 818657.9,
      "SECOND_MASTER_STAR": 22485393,
      "ENCHANTMENT_FIRE_PROTECTION_6": 227.6,
      "ENCHANTMENT_FIRE_PROTECTION_7": 1001007.8,
      "ENCHANTMENT_HARDENED_MANA_10": 7500000.8,
      "ENCHANTMENT_ULTIMATE_JERRY_1": 1.2,
      "ENCHANTMENT_ULTIMATE_JERRY_2": 1,
      "ENCHANTMENT_ULTIMATE_JERRY_3": 0.8,
      "ENCHANTMENT_ULTIMATE_JERRY_4": 50.1,
      "ENCHANTMENT_ULTIMATE_JERRY_5": 18000,
      "ENCHANTMENT_ULTIMATE_REND_1": 600,
      "ENCHANTMENT_ULTIMATE_REND_2": 560010.7,
      "ENCHANTMENT_ULTIMATE_REND_3": 1000000.9,
      "ENCHANTMENT_ULTIMATE_REND_4": 2485001.7,
      "ENCHANTMENT_ULTIMATE_REND_5": 5000003.4,
      "ENCHANTMENT_HARVESTING_6": 1700003.4,
      "FOURTH_MASTER_STAR": 59292501.5,
      "ENCHANTMENT_ULTIMATE_WISE_1": 160875,
      "ENCHANTMENT_ULTIMATE_WISE_2": 303969.7,
      "ENCHANTMENT_ULTIMATE_WISE_3": 563000.8,
      "ENCHANTMENT_ULTIMATE_WISE_4": 1301794.2,
      "ENCHANTMENT_ULTIMATE_WISE_5": 2695676.7,
      "ENCHANTMENT_TRUE_PROTECTION_1": 777001.1,
      "ENCHANTMENT_LUCK_OF_THE_SEA_6": 131.8,
      "ENCHANTMENT_SMARTY_PANTS_3": 507206.8,
      "ENCHANTMENT_SMARTY_PANTS_2": 320105.6,
      "ENCHANTMENT_SMARTY_PANTS_5": 8000000.1,
      "ENCHANTMENT_SMARTY_PANTS_4": 200001,
      "ENCHANTMENT_SMARTY_PANTS_1": 485007.5,
      "THE_ART_OF_WAR": 6531424.5,
      "ENCHANTMENT_LURE_6": 0.5,
      "ENCHANTMENT_FEROCIOUS_MANA_8": 9650001.2,
      "ENCHANTMENT_FEROCIOUS_MANA_9": 25000000.1,
      "ENCHANTMENT_FEROCIOUS_MANA_4": 841897.5,
      "ENCHANTMENT_FEROCIOUS_MANA_5": 1043917,
      "ENCHANTMENT_FEROCIOUS_MANA_6": 3200000,
      "ENCHANTMENT_FEROCIOUS_MANA_7": 120000.1,
      "ENCHANTMENT_MAGNET_6": 0,
      "ENCHANTMENT_FEROCIOUS_MANA_1": 101499.7,
      "ENCHANTMENT_FEROCIOUS_MANA_2": 20004.7,
      "ENCHANTMENT_FEROCIOUS_MANA_3": 400015.2,
      "ENCHANTMENT_PROJECTILE_PROTECTION_7": 302025.5,
      "ENCHANTMENT_PROJECTILE_PROTECTION_6": 0.3,
      "ENCHANTMENT_DRAGON_HUNTER_4": 5040003.5,
      "ENCHANTMENT_DRAGON_HUNTER_3": 3100002.1,
      "ENCHANTMENT_DRAGON_HUNTER_5": 12000003.6,
      "ENCHANTMENT_DRAGON_HUNTER_2": 4501,
      "ENCHANTMENT_DRAGON_HUNTER_1": 937623.8,
      "ESSENCE_WITHER": 2860.1,
      "ENCHANTMENT_CHARM_2": 23008.7,
      "ENCHANTMENT_CHARM_3": 31535,
      "ENCHANTMENT_CHARM_1": 222450.4,
      "ENCHANTMENT_CHARM_4": 100004.5,
      "ENCHANTMENT_CHARM_5": 3830003.6,
      "ENCHANTMENT_REPLENISH_1": 1028307,
      "ENCHANTMENT_ULTIMATE_SWARM_5": 5700000.6,
      "ENCHANTMENT_TURBO_WHEAT_3": 61067.2,
      "ENCHANTMENT_TURBO_WHEAT_4": 43394.3,
      "ENCHANTMENT_TURBO_WHEAT_1": 9291.7,
      "ENCHANTMENT_TURBO_WHEAT_2": 13655.9,
      "ENCHANTMENT_ULTIMATE_SWARM_3": 1000.1,
      "ENCHANTMENT_ULTIMATE_SWARM_4": 16502.1,
      "ENCHANTMENT_ULTIMATE_SWARM_1": 413706.8,
      "ENCHANTMENT_TURBO_WHEAT_5": 258000.3,
      "ENCHANTMENT_ULTIMATE_SWARM_2": 598856.9,
      "ENCHANTMENT_SUGAR_RUSH_3": 1649537.1,
      "ENCHANTMENT_SUGAR_RUSH_2": 450000,
      "ENCHANTMENT_SUGAR_RUSH_1": 350906.5,
      "ENCHANTMENT_GROWTH_6": 7293684.8,
      "ENCHANTMENT_GROWTH_7": 150000002.5,
      "ESSENCE_UNDEAD": 603.3,
      "ENCHANTMENT_ULTIMATE_CHIMERA_1": 86715862.9,
      "ENCHANTMENT_ULTIMATE_LAST_STAND_5": 3191778.9,
      "ENCHANTMENT_ULTIMATE_LAST_STAND_4": 826402.5,
      "ENCHANTMENT_ULTIMATE_CHIMERA_5": 1387453806.4,
      "ENCHANTMENT_ULTIMATE_LAST_STAND_3": 32004.7,
      "ENCHANTMENT_ULTIMATE_CHIMERA_4": 693726903.2,
      "ENCHANTMENT_ULTIMATE_LAST_STAND_2": 340015,
      "ENCHANTMENT_ULTIMATE_CHIMERA_3": 5775009.3,
      "ENCHANTMENT_ULTIMATE_LAST_STAND_1": 188444.7,
      "ENCHANTMENT_ULTIMATE_CHIMERA_2": 3600004.4,
      "ENCHANTMENT_FEATHER_FALLING_10": 2000.1,
      "ENCHANTMENT_SMOLDERING_5": 19855007,
      "ENCHANTMENT_SMOLDERING_3": 76002.2,
      "ENCHANTMENT_SMOLDERING_4": 75000.5,
      "ENCHANTMENT_SMOLDERING_1": 3034560.5,
      "FIRST_MASTER_STAR": 11827742.5,
      "ENCHANTMENT_SMOLDERING_2": 1000006.3,
      "BOOK_OF_STATS": 811921.3,
      "ENCHANTMENT_CRITICAL_6": 1.6,
      "ENCHANTMENT_CRITICAL_7": 59000002.4,
      "FARMING_FOR_DUMMIES": 895062.9,
      "SHADOW_WARP_SCROLL": 378467073.5,
      "ENCHANTMENT_ULTIMATE_HABANERO_TACTICS_4": 0,
      "ENCHANTMENT_THUNDERBOLT_6": 1101076.9,
      "ENCHANTMENT_BLAST_PROTECTION_7": 1435000.3,
      "ENCHANTMENT_ULTIMATE_HABANERO_TACTICS_5": 0,
      "ENCHANTMENT_ULTIMATE_REITERATE_1": 9761995.4,
      "ENCHANTMENT_ULTIMATE_REITERATE_4": 4000005.4,
      "ENCHANTMENT_ULTIMATE_REITERATE_5": 27000000.3,
      "ENCHANTMENT_ULTIMATE_REITERATE_2": 10895500.2,
      "ENCHANTMENT_ULTIMATE_REITERATE_3": 8350001.2,
      "ENCHANTMENT_VENOMOUS_6": 0,
      "ENCHANTMENT_STRONG_MANA_10": 2000001.7,
      "ENCHANTMENT_FEATHER_FALLING_7": 3.1,
      "WITHER_SHIELD_SCROLL": 377336471.5,
      "ENCHANTMENT_FEATHER_FALLING_6": 1.3,
      "ENCHANTMENT_FEATHER_FALLING_9": 152.5,
      "ENCHANTMENT_FEATHER_FALLING_8": 6,
      "ESSENCE_ICE": 2460.9,
      "ENCHANTMENT_COMPACT_1": 3918139.4,
      "ESSENCE_GOLD": 823.3,
      "ENCHANTMENT_PRISTINE_1": 778054.2,
      "ENCHANTMENT_PRISTINE_2": 1224078.1,
      "ENCHANTMENT_BLAST_PROTECTION_6": 62.3,
      "ENCHANTMENT_PRISTINE_5": 800,
      "ENCHANTMENT_PRISTINE_3": 1340000.6,
      "ENCHANTMENT_PRISTINE_4": 5213149.7,
      "ENCHANTMENT_FEROCIOUS_MANA_10": 404.8,
      "ENCHANTMENT_LIFE_STEAL_5": 10350002.8,
      "ENCHANTMENT_LIFE_STEAL_4": 30002.9,
      "ENCHANTMENT_TURBO_MUSHROOMS_5": 100.1,
      "FIFTH_MASTER_STAR": 90000001.1,
      "ENCHANTMENT_TABASCO_3": 11000000.8,
      "ENCHANTMENT_TABASCO_2": 0,
      "TRANSMISSION_TUNER": 42964.5,
      "ENCHANTMENT_TURBO_MUSHROOMS_2": 15.4,
      "ENCHANTMENT_TURBO_MUSHROOMS_1": 0.2,
      "ENCHANTMENT_TURBO_MUSHROOMS_4": 5002.3,
      "ENCHANTMENT_TURBO_MUSHROOMS_3": 2.8,
      "ENCHANTMENT_MANA_VAMPIRE_2": 165031.6,
      "ENCHANTMENT_MANA_VAMPIRE_1": 54959.6,
      "ENCHANTMENT_MANA_VAMPIRE_4": 901004.4,
      "ENCHANTMENT_MANA_VAMPIRE_3": 401576.5,
      "ENCHANTMENT_MANA_VAMPIRE_6": 2000.8,
      "ENCHANTMENT_MANA_VAMPIRE_5": 33.9,
      "ENCHANTMENT_MANA_VAMPIRE_8": 1513135,
      "ENCHANTMENT_MANA_VAMPIRE_7": 13002.8,
      "ENCHANTMENT_MANA_VAMPIRE_9": 2000003.9,
      "ENCHANTMENT_TITAN_KILLER_7": 4561659.4,
      "ENCHANTMENT_TITAN_KILLER_6": 22222,
      "ENCHANTMENT_POWER_7": 185000000.7,
      "ENCHANTMENT_POWER_6": 20004.7,
      "ENCHANTMENT_ANGLER_6": 9.5,
      "ENCHANTMENT_VAMPIRISM_6": 527753.7,
      "ESSENCE_CRIMSON": 1394.4,
      "ENCHANTMENT_CULTIVATING_1": 3986420.8,
      "ENCHANTMENT_ULTIMATE_SOUL_EATER_1": 1112065.5,
      "ENCHANTMENT_ULTIMATE_SOUL_EATER_3": 4000000.3,
      "ENCHANTMENT_ULTIMATE_SOUL_EATER_2": 2079362.8,
      "ENCHANTMENT_ULTIMATE_SOUL_EATER_5": 16868134.8,
      "ENCHANTMENT_ULTIMATE_SOUL_EATER_4": 9064953.1,
      "ENCHANTMENT_CHANCE_5": 11961572.2,
      "ENCHANTMENT_CHANCE_4": 6002.6,
      "ENCHANTMENT_ULTIMATE_FLASH_2": 6001.1,
      "ENCHANTMENT_ULTIMATE_FLASH_1": 5900000,
      "ENCHANTMENT_ULTIMATE_FLASH_4": 24009.5,
      "ENCHANTMENT_ULTIMATE_FLASH_3": 50000.1,
      "ENCHANTMENT_FIRST_STRIKE_5": 163324046.5,
      "ENCHANTMENT_ULTIMATE_FLASH_5": 400000.8,
      "ENCHANTMENT_TURBO_PUMPKIN_1": 73640.9,
      "ENCHANTMENT_TURBO_PUMPKIN_2": 49003.3,
      "ENCHANTMENT_TURBO_PUMPKIN_3": 300000.7,
      "ENCHANTMENT_TURBO_PUMPKIN_4": 701542.2,
      "ENCHANTMENT_TURBO_PUMPKIN_5": 1142198.9,
      "ENCHANTMENT_ULTIMATE_FATAL_TEMPO_5": 853343988.8,
      "ENCHANTMENT_EXPERTISE_1": 3468542.3,
      "ENCHANTMENT_ULTIMATE_FATAL_TEMPO_3": 213335997.2,
      "ENCHANTMENT_ULTIMATE_FATAL_TEMPO_4": 426671994.4,
      "ENCHANTMENT_ULTIMATE_FATAL_TEMPO_1": 53333999.3,
      "ENCHANTMENT_ULTIMATE_FATAL_TEMPO_2": 106667998.6,
      "ENCHANTMENT_BLESSING_6": 416456.3,
      "ENCHANTMENT_CHAMPION_1": 3870744.8,
      "ENCHANTMENT_ULTIMATE_ONE_FOR_ALL_1": 2415266.1,
      "ENCHANTMENT_SNIPE_4": 60000004.6,
      "ENCHANTMENT_ULTIMATE_BANK_5": 3000.7,
      "ENCHANTMENT_ULTIMATE_LEGION_1": 1620005.7,
      "ENCHANTMENT_ULTIMATE_BANK_2": 0,
      "ENCHANTMENT_ULTIMATE_BANK_1": 1.6,
      "ENCHANTMENT_ULTIMATE_LEGION_2": 2917165.5,
      "ENCHANTMENT_ULTIMATE_BANK_4": 15.7,
      "ENCHANTMENT_ULTIMATE_BANK_3": 0,
      "ENCHANTMENT_ULTIMATE_LEGION_5": 25001111.9,
      "ENCHANTMENT_ULTIMATE_LEGION_3": 5463392,
      "ENCHANTMENT_ULTIMATE_LEGION_4": 400004.1,
      "ENCHANTMENT_COUNTER_STRIKE_3": 0,
      "ENCHANTMENT_COUNTER_STRIKE_4": 0,
      "ENCHANTMENT_COUNTER_STRIKE_5": 68889638.4,
      "ENCHANTMENT_SPIKED_HOOK_6": 0,
      "ESSENCE_DIAMOND": 556.2,
      "ENCHANTMENT_LETHALITY_6": 9003.4,
      "ENCHANTMENT_REJUVENATE_1": 36011.9,
      "ENCHANTMENT_CLEAVE_6": 17000000.3,
      "ENCHANTMENT_REJUVENATE_5": 633461.5,
      "ENCHANTMENT_VICIOUS_3": 24402727.6,
      "ENCHANTMENT_VICIOUS_4": 0,
      "ENCHANTMENT_REJUVENATE_4": 222828.3,
      "ENCHANTMENT_REJUVENATE_3": 120012.5,
      "ENCHANTMENT_VICIOUS_5": 84602088.1,
      "ENCHANTMENT_REJUVENATE_2": 67322.8,
      "ENCHANTMENT_TURBO_CARROT_2": 5005.4,
      "ENCHANTMENT_TURBO_CARROT_1": 15021.1,
      "ENCHANTMENT_GIANT_KILLER_6": 1322978.2,
      "ENCHANTMENT_GIANT_KILLER_7": 115000000.9,
      "ENCHANTMENT_TRIPLE_STRIKE_5": 34102841,
      "ENCHANTMENT_ULTIMATE_INFERNO_1": 11664094.9,
      "ENCHANTMENT_ULTIMATE_INFERNO_3": 506.9,
      "ENCHANTMENT_ULTIMATE_INFERNO_2": 5000000,
      "ENCHANTMENT_ULTIMATE_INFERNO_5": 0,
      "ENCHANTMENT_ULTIMATE_INFERNO_4": 2000004.4,
      "ENCHANTMENT_TURBO_CARROT_4": 195503.8,
      "ENCHANTMENT_TURBO_CARROT_3": 28000.2,
      "ENCHANTMENT_TURBO_CARROT_5": 500000.8,
      "ENCHANTMENT_TURBO_CANE_4": 1503.3,
      "ENCHANTMENT_TURBO_CANE_3": 28000,
      "ENCHANTMENT_TURBO_CANE_2": 116.5,
      "ENCHANTMENT_TURBO_CANE_1": 3397.3,
      "ENCHANTMENT_TURBO_CANE_5": 126860.5,
      "THIRD_MASTER_STAR": 28138777.1,
      "ENCHANTMENT_FORTUNE_4": 222505,
      "WOOD_SINGULARITY": 2476157.1,
      "ENCHANTMENT_FRAIL_6": 0.7,
      "ENCHANTMENT_SYPHON_5": 45000000,
      "ENCHANTMENT_SYPHON_4": 354167.9,
      "ENCHANTMENT_EXECUTE_6": 33269269.1,
      "ENCHANTMENT_INFINITE_QUIVER_10": 5100.1,
      "ENCHANTMENT_LOOTING_4": 104,
      "ENCHANTMENT_SMITE_7": 6864504.9,
      "ENCHANTMENT_SCAVENGER_4": 0.1,
      "ENCHANTMENT_SCAVENGER_5": 11152341.9,
      "ENCHANTMENT_LOOTING_5": 185000003.1,
      "ENCHANTMENT_CUBISM_6": 70000005.1,
      "ENCHANTMENT_SMITE_6": 0.1,
      "ENCHANTMENT_HECATOMB_1": 5677653.2,
      "ENCHANTMENT_LUCK_6": 1,
      "ENCHANTMENT_LUCK_7": 26700003,
      "ENCHANTMENT_DIVINE_GIFT_1": 22350002.1,
      "ENCHANTMENT_DIVINE_GIFT_2": 44700004.2,
      "ENCHANTMENT_DIVINE_GIFT_3": 89400008.4,
      "ENCHANTMENT_INFINITE_QUIVER_8": 14,
      "ENCHANTMENT_INFINITE_QUIVER_9": 1500,
      "ENCHANTMENT_INFINITE_QUIVER_6": 0.1,
      "ENCHANTMENT_INFINITE_QUIVER_7": 0,
      "ENCHANTMENT_ULTIMATE_WISDOM_4": 1262621.5,
      "ENCHANTMENT_TURBO_POTATO_3": 89676.8,
      "ENCHANTMENT_ULTIMATE_WISDOM_5": 3174603,
      "ENCHANTMENT_TURBO_POTATO_4": 250000.7,
      "ENCHANTMENT_TURBO_POTATO_5": 522079.1,
      "ENCHANTMENT_BANE_OF_ARTHROPODS_6": 0,
      "ENCHANTMENT_ULTIMATE_WISDOM_1": 191315.7,
      "ENCHANTMENT_BANE_OF_ARTHROPODS_7": 1490008.6,
      "ENCHANTMENT_TURBO_POTATO_1": 40002.1,
      "ENCHANTMENT_ULTIMATE_WISDOM_2": 350001,
      "ENCHANTMENT_ULTIMATE_WISDOM_3": 8022.8,
      "ENCHANTMENT_TURBO_POTATO_2": 38101.4,
      "LAVA_WATER_ORB": 11.2,
      "WATER_ORB": 455000.3,
      "BOBBIN_SCRIPTURES": 10634,
      "SPOOKY_WATER_ORB": 10000.6,
      "GLOWY_CHUM_BAIT": 211.3,
      "PITCHIN_KOI": 6005.2,
      "BLUE_ICE_HUNK": 80005,
      "ENCHANTMENT_PISCARY_6": 100625.5,
      "SHARK_WATER_ORB": 3051.8,
      "ENCHANTMENT_ULTIMATE_BOBBIN_TIME_3": 21526502.4,
      "ENCHANTMENT_ULTIMATE_BOBBIN_TIME_4": 3001001.6,
      "ENCHANTMENT_ULTIMATE_BOBBIN_TIME_5": 10000001.4,
      "ICE_HUNK": 0,
      "DIVER_FRAGMENT": 295170.2,
      "WINTER_WATER_ORB": 3200002.8,
      "RITUAL_RESIDUE": 1477542,
      "MITE_GEL": 1942.3,
      "SALT_CUBE": 103.5,
      "ENCHANTMENT_EXPERIENCE_5": 1601.7,
      "RUSTY_ANCHOR": 1841251.3,
      "GLACIAL_FRAGMENT": 10154.2,
      "ENCHANTMENT_PROSPERITY_1": 600000.1,
      "ENCHANTMENT_PROSPERITY_3": 300001.9,
      "ENCHANTMENT_PROSPERITY_2": 25002.6,
      "ENCHANTMENT_PROSPERITY_5": 9766251.4,
      "ENCHANTMENT_PROSPERITY_4": 0,
      "CROPIE": 24254.9,
      "COMPOST": 27785.8,
      "ENCHANTED_COMPOST": 4279185.4,
      "FERMENTO": 250000.2,
      "CONDENSED_FERMENTO": 2193854.2,
      "SQUASH": 73085.7,
      "ENCHANTMENT_SUNDER_1": 45500.3,
      "ENCHANTMENT_SUNDER_4": 300000.2,
      "ENCHANTMENT_SUNDER_5": 743310.4,
      "ENCHANTMENT_SUNDER_2": 50000.2,
      "ENCHANTMENT_SUNDER_3": 46405,
      "OVERGROWN_GRASS": 63925684.5,
      "LARGE_WALNUT": 148203.6,
      "ENCHANTMENT_DEDICATION_2": 2274741.2,
      "ENCHANTMENT_DEDICATION_1": 1145709.1,
      "ENCHANTMENT_DEDICATION_4": 76376470.1,
      "ENCHANTMENT_DEDICATION_3": 4579580.6,
      "FLOWERING_BOUQUET": 155.6,
      "SKYMART_BROCHURE": 400001.6,
      "BURROWING_SPORES": 8000000.9,
      "ENCHANTMENT_GREEN_THUMB_5": 116250001.7,
      "ENCHANTMENT_GREEN_THUMB_1": 7849935.1,
      "ENCHANTMENT_GREEN_THUMB_2": 15148772.2,
      "ENCHANTMENT_GREEN_THUMB_3": 28601342.1,
      "ENCHANTMENT_GREEN_THUMB_4": 60512000.3,
      "DUNGEON_TRAP": 0.2,
      "GIANT_FRAGMENT_LASER": 1035369.5,
      "MINION_EXPANDER": 54292.4,
      "KELVIN_INVERTER": 88562.3,
      "ULTIMATE_CARROT_CANDY": 2298615,
      "SOLAR_PANEL": 101101.3,
      "UNDEAD_CATALYST": 1612.7,
      "DUNGEON_DECOY": 13.6,
      "FLY_SWATTER": 432748.4,
      "HYPERGOLIC_IONIZED_CERAMICS": 26312.1,
      "FULL_CHUM_BUCKET": 10750.8,
      "PUMPKIN_BOMB": 4640.1,
      "SOULFLOW_ENGINE": 20325422.6,
      "PET_ITEM_TOY_JERRY": 40004.8,
      "ROBOTRON_REFLECTOR": 930771.3,
      "ENCHANTED_BONE_MEAL": 2.6,
      "SMALL_ENCHANTED_CHEST": 1.5,
      "SCORCHED_POWER_CRYSTAL": 3038452.8,
      "SCARF_FRAGMENT": 12.2,
      "REHEATED_GUMMY_POLAR_BEAR": 294351.2,
      "FLYCATCHER_UPGRADE": 26416312.7,
      "FTX_3070": 33251.9,
      "PET_ITEM_VAMPIRE_FANG": 12.1,
      "GREAT_CARROT_CANDY": 158035.3,
      "GIANT_FRAGMENT_BIGFOOT": 20084.4,
      "MAGIC_MUSHROOM_SOUP": 261.7,
      "SUPER_MAGIC_MUSHROOM_SOUP": 6000.3,
      "LESSER_SOULFLOW_ENGINE": 2100000.1,
      "BONZO_FRAGMENT": 15,
      "TESSELLATED_ENDER_PEARL": 3493311,
      "INFERNO_FUEL_BLOCK": 45725.2,
      "PET_ITEM_EXP_SHARE_DROP": 1800001.9,
      "ENCHANTED_POPPY": 1500.5,
      "HEALING_TISSUE": 34351.9,
      "GLACITE_JEWEL": 163863.7,
      "WEAK_WOLF_CATALYST": 28248.5,
      "BEJEWELED_HANDLE": 428002.9,
      "LARGE_ENCHANTED_CHEST": 356723.6,
      "CORRUPT_SOIL": 2637881.5,
      "THE_ART_OF_PEACE": 49860744.5,
      "VOLTA": 30806.1,
      "SUPERLITE_MOTOR": 17287.4,
      "BRAIDED_GRIFFIN_FEATHER": 20497991.9,
      "SPIRIT_WING": 7344616.3,
      "ENCHANTED_WOOL": 300.2,
      "SUPERB_CARROT_CANDY": 1739466.3,
      "SORROW": 392065.1,
      "CRYSTAL_FRAGMENT": 127965,
      "GLOWING_MUSHROOM": 480.8,
      "POISONOUS_POTATO": 8.1,
      "KISMET_FEATHER": 1398366.1,
      "MITHRIL_PLATE": 5789939,
      "CHYME": 817023.6,
      "DIVAN_FRAGMENT": 767590.3,
      "BAT_FIREWORK": 191508.8,
      "ARROW_BUNDLE_MAGMA": 105322.9,
      "TWILIGHT_ARROW_POISON": 930,
      "POTATO_SPREADING": 181.2,
      "NULL_EDGE": 350006.4,
      "YELLOW_FLOWER": 207,
      "REVENANT_CATALYST": 6894.2,
      "WITHER_CATALYST": 1021004.9,
      "SULPHURIC_COAL": 4004.7,
      "ENCHANTED_HOPPER": 1181611,
      "GIANT_FRAGMENT_DIAMOND": 2121959.1,
      "SUPERBOOM_TNT": 1.8,
      "SPIRIT_LEAP": 120.2,
      "SIMPLE_CARROT_CANDY": 785.1,
      "OIL_BARREL": 31810.1,
      "GOLEM_POPPY": 19706.9,
      "ENCHANTED_POISONOUS_POTATO": 821.7,
      "SYNTHETIC_HEART": 135132.7,
      "XXLARGE_ENCHANTED_CHEST": 3010005.3,
      "FUEL_TANK": 187984.8,
      "JALAPENO_BOOK": 9293600.9,
      "ELECTRON_TRANSMITTER": 40458.6,
      "STUFFED_CHILI_PEPPER": 4400000.3,
      "BUDGET_HOPPER": 6800.2,
      "TERRY_SNOWGLOBE": 950005.1,
      "SPIDER_CATALYST": 1195.8,
      "MIMIC_FRAGMENT": 897.2,
      "ENCHANTED_DANDELION": 34000.5,
      "ENDERMAN_CORTEX_REWRITER": 70098.5,
      "PET_ITEM_LUCKY_CLOVER_DROP": 3222846.8,
      "GOLDEN_PLATE": 1935001.8,
      "CORLEONITE": 2135795.9,
      "SUBZERO_INVERTER": 1100000.4,
      "NULL_BLADE": 40000000.1,
      "BOB_OMB": 300.4,
      "MITHRIL_INFUSION": 4500000.5,
      "LIVID_FRAGMENT": 26912.4,
      "PLASMA": 18133.5,
      "CHUM": 0.9,
      "FEL_PEARL": 424.7,
      "HORSEMAN_CANDLE": 633416.4,
      "RED_ROSE": 5.1,
      "EMPTY_CHUM_BUCKET": 9501.8,
      "GIANT_FRAGMENT_BOULDER": 7401.9,
      "FROZEN_BAUBLE": 4163716.7,
      "RADIOACTIVE_VIAL": 252800002.9,
      "GREAT_WHITE_TOOTH_MEAL": 8184888.5,
      "CONTROL_SWITCH": 63720.9,
      "DIAMOND_SPREADING": 1816.2,
      "AUTO_SMELTER": 750.5,
      "WOOL": 2.1,
      "WHIPPED_MAGMA_CREAM": 205000,
      "DRILL_ENGINE": 3339002.5,
      "BOX_OF_SEEDS": 74950.2,
      "XLARGE_ENCHANTED_CHEST": 2165187.6,
      "PET_ITEM_TIER_BOOST_DROP": 37000002.2,
      "GEMSTONE_MIXTURE": 1688301.3,
      "SPIRIT_BONE": 700011.7,
      "JUNGLE_KEY": 48689.5,
      "GOLDEN_POWDER": 12467.6,
      "DUNGEON_CHEST_KEY": 149754.2,
      "INFLATABLE_JERRY": 0.1,
      "MEDIUM_ENCHANTED_CHEST": 10430.6,
      "TOXIC_ARROW_POISON": 1983.9,
      "BUBBA_BLISTER": 540000.4,
      "DISPLACED_LEECH": 122827.1,
      "LUSH_BERBERIS": 552.7,
      "EXPORTABLE_CARROTS": 5154.3,
      "HEMOVIBE": 384.7,
      "HEMOBOMB": 880000.4,
      "CHOCOLATE_CHIP": 540000.3,
      "PRESUMED_GALLON_OF_RED_PAINT": 2242463,
      "HEMOGLASS": 56889.8,
      "ENCHANTMENT_ULTIMATE_THE_ONE_5": 67000000.1,
      "ENCHANTMENT_ULTIMATE_THE_ONE_4": 36005616.9,
      "AGARIMOO_TONGUE": 13582.2,
      "ENCHANTED_LUSH_BERBERIS": 58285.5,
      "FULL_JAW_FANGING_KIT": 1911642.2,
      "ENCHANTMENT_REFLECTION_5": 3800003.4,
      "ENCHANTMENT_REFLECTION_4": 1374358,
      "ENCHANTMENT_REFLECTION_1": 317975.8,
      "ENCHANTMENT_REFLECTION_3": 508489.1,
      "ENCHANTMENT_REFLECTION_2": 78.9,
      "ENCHANTED_CARROT_STICK": 5265,
      "BERBERIS_FUEL_INJECTOR": 1800002.6,
      "ENCHANTMENT_TRANSYLVANIAN_5": 900000.5,
      "ENCHANTMENT_TRANSYLVANIAN_4": 227008.2
    }
  }
}