{
    "bitsAh": {
        "God Potion":1500,
        "Kat Flower":500,
        "Heat Core":3000,
        "Hyper Catalyst Upgrade": 300,
        "Ultimate Carrot Candy Upgrade": 8000,
        "Colossal Exp Bottle Upgrade": 1200,
        "Jumbo Backpack Upgrade": 4000,
        "Minion Storage Expander": 1500,
        "Matriarch Parfum": 1200,
        "Hologram": 2000,
        "Builders Wand": 12000,
        "Block Zapper": 5000,
        "Bits Talisman": 15000,
        "Pocket Sack In A Sack": 8000,
        "Portalizer": 4800,
        "Trio Contacts Addon": 6450,
        "Sumsung\u00a9 G3 Abicase": 15000,
        "Sumsung\u00a9 GG Abicase": 25000,
        "Rezar\u00ae Abicase": 26000,
        "Blue\u2122 but Red Abicase": 17000,
        "Actually Blue\u2122 Abicase": 17000,
        "Blue\u2122 but Green Abicase": 17000,
        "Blue\u2122 but Yellow Abicase": 17000,
        "Lighter Blue\u2122 Abicase": 17000,
        "Autopet Rules": 21000,
        "Dye Pure White": 250000,
        "Dye Pure Black": 250000,
        "Enrichment Walk Speed": 5000,
        "Enrichment Intelligence": 5000,
        "Enrichment Critical Damage": 5000,
        "Enrichment Critical Chance": 5000,
        "Enrichment Strength": 5000,
        "Enrichment Defense": 5000,
        "Enrichment Health": 5000,
        "Enrichment Magic Find": 5000,
        "Enrichment Ferocity": 5000,
        "Enrichment Sea Creature Chance": 5000,
        "Enrichment Attack Speed": 5000,
        "Enrichment Swapper": 200
    },
    "bitsBz": {
        "Kismet Feather":1350,
        "Inferno Fuel Block": 56.25,
        "Expertise I": 4000,
        "Compact I": 4000,
        "Cultivating I": 4000,
        "Champion I": 4000,
        "Hecatomb I": 6000
    },
    "bitsBounded": {
        "Ditto Blob": 0,
        "Dungeon Sack": 0,
        "Rune Sack": 0,
        "Flower Sack": 0,
        "Dwarven Sack": 0,
        "Crystal Hollows Sack": 0
    },
    "copperAh": {
        "Garden Scythe": 20,
        "Builders Ruler": 20,
        "Lotus Bracelet": 50,
        "Lotus Belt": 100,
        "Lotus Necklace": 200,
        "Lotus Cloak": 500,
        "Yellow Bandana": 300,
        "Hive Barn Skin": 10000,
        "Trading Post Barn Skin": 1000,
        "Autumn Hut Barn Skin": 2000,
        "Castle Barn Skin": 15000,
        "Bamboo Barn Skin": 7500
    },
    "copperBz": {
        "Sunder I": 10,
        "Dedication I": 250,
        "Green Thumb I": 1500,
        "SkyMart Brochure": 100,
        "Large Walnut": 150
    }
}